{
  "name": "",
  "version": "1.0.0",
  "requires": [
    "w320dp",
    "spatial-tracking"
  ],
  "experiences": [
    {
      "vumark": "",
      "experienceType": "none",
      "id": 1,
      "index-keys": [],
      "title": {
        "en": "Simon Game"
      },
      "description": {
        "en": "",
        "en-US": ""
      },
      "requires": [
        "AR-tracking"
      ],
      "tags": [],
      "icon": "",
      "viewName": "Home",
      "url-template": "index.html?expId=1",
      "entryPoint": "index.html?expId=1",
      "thumbnail": "public/Uploaded/Simon Game Thumbnail.PNG",
      "thingTemplateName": ""
    }
  ],
  "widgetsUsage": [
    {
      "timestamp": "2021-07-12T19:15:15.755Z",
      "action": "PUBLISH",
      "usage": {
        "twx-view": 1,
        "twx-dt-view": 1,
        "twx-dt-model": 1,
        "twx-dt-modelitem": 4,
        "twx-overlay": 1,
        "twx-overlay-container": 5,
        "twx-gridlayout": 3,
        "twx-row": 3,
        "twx-col": 4,
        "twx-label": 5,
        "twx-overlay-body": 1,
        "twx-popup": 1,
        "twx-image2": 1,
        "twx-file": 1,
        "twx-button": 2
      }
    },
    {
      "timestamp": "2021-07-12T19:15:27.622Z",
      "action": "PUBLISH",
      "usage": {
        "twx-view": 1,
        "twx-dt-view": 1,
        "twx-dt-model": 1,
        "twx-dt-modelitem": 4,
        "twx-overlay": 1,
        "twx-overlay-container": 5,
        "twx-gridlayout": 3,
        "twx-row": 3,
        "twx-col": 4,
        "twx-label": 5,
        "twx-overlay-body": 1,
        "twx-popup": 1,
        "twx-image2": 1,
        "twx-button": 2
      }
    },
    {
      "timestamp": "2021-07-12T19:16:31.212Z",
      "action": "PUBLISH",
      "usage": {
        "twx-view": 1,
        "twx-dt-view": 1,
        "twx-dt-model": 1,
        "twx-dt-modelitem": 4,
        "twx-dt-target-spatial": 1,
        "twx-overlay": 1,
        "twx-overlay-container": 5,
        "twx-gridlayout": 3,
        "twx-row": 3,
        "twx-col": 4,
        "twx-label": 5,
        "twx-overlay-body": 1,
        "twx-popup": 1,
        "twx-image2": 1,
        "twx-button": 2
      }
    },
    {
      "timestamp": "2021-07-12T19:33:59.955Z",
      "action": "PUBLISH",
      "usage": {
        "twx-view": 1,
        "twx-dt-view": 1,
        "twx-dt-model": 1,
        "twx-dt-modelitem": 4,
        "twx-dt-target-spatial": 1,
        "twx-overlay": 1,
        "twx-overlay-container": 5,
        "twx-gridlayout": 4,
        "twx-row": 4,
        "twx-col": 5,
        "twx-label": 5,
        "twx-overlay-body": 1,
        "twx-popup": 1,
        "twx-image2": 2,
        "twx-button": 2
      }
    },
    {
      "timestamp": "2021-07-12T19:36:30.511Z",
      "action": "PUBLISH",
      "usage": {
        "twx-view": 1,
        "twx-dt-view": 1,
        "twx-dt-model": 1,
        "twx-dt-modelitem": 4,
        "twx-dt-target-spatial": 1,
        "twx-overlay": 1,
        "twx-overlay-container": 5,
        "twx-gridlayout": 4,
        "twx-row": 4,
        "twx-col": 5,
        "twx-label": 5,
        "twx-overlay-body": 1,
        "twx-popup": 1,
        "twx-image2": 2,
        "twx-button": 2
      }
    },
    {
      "timestamp": "2021-07-12T19:37:11.096Z",
      "action": "PUBLISH",
      "usage": {
        "twx-view": 1,
        "twx-dt-view": 1,
        "twx-dt-model": 1,
        "twx-dt-modelitem": 4,
        "twx-dt-target-spatial": 1,
        "twx-overlay": 1,
        "twx-overlay-container": 5,
        "twx-gridlayout": 4,
        "twx-row": 4,
        "twx-col": 5,
        "twx-label": 5,
        "twx-overlay-body": 1,
        "twx-popup": 1,
        "twx-image2": 2,
        "twx-button": 2
      }
    },
    {
      "timestamp": "2021-07-12T19:37:25.937Z",
      "action": "PUBLISH",
      "usage": {
        "twx-view": 1,
        "twx-dt-view": 1,
        "twx-dt-model": 1,
        "twx-dt-modelitem": 4,
        "twx-dt-target-spatial": 1,
        "twx-overlay": 1,
        "twx-overlay-container": 5,
        "twx-gridlayout": 4,
        "twx-row": 4,
        "twx-col": 5,
        "twx-label": 5,
        "twx-overlay-body": 1,
        "twx-popup": 1,
        "twx-image2": 2,
        "twx-button": 2
      }
    },
    {
      "timestamp": "2021-07-12T19:39:42.306Z",
      "action": "PUBLISH",
      "usage": {
        "twx-view": 1,
        "twx-dt-view": 1,
        "twx-dt-model": 1,
        "twx-dt-modelitem": 4,
        "twx-dt-target-spatial": 1,
        "twx-overlay": 1,
        "twx-overlay-container": 5,
        "twx-gridlayout": 4,
        "twx-row": 4,
        "twx-col": 5,
        "twx-label": 5,
        "twx-overlay-body": 1,
        "twx-popup": 1,
        "twx-image2": 2,
        "twx-button": 2
      }
    },
    {
      "timestamp": "2021-07-12T21:17:43.569Z",
      "action": "PUBLISH",
      "usage": {
        "twx-view": 1,
        "twx-dt-view": 1,
        "twx-dt-model": 1,
        "twx-dt-modelitem": 4,
        "twx-dt-target-spatial": 1,
        "twx-overlay": 1,
        "twx-overlay-container": 5,
        "twx-gridlayout": 4,
        "twx-row": 4,
        "twx-col": 5,
        "twx-label": 5,
        "twx-overlay-body": 1,
        "twx-popup": 1,
        "twx-image2": 2,
        "twx-button": 2
      }
    },
    {
      "timestamp": "2021-07-13T15:52:21.094Z",
      "action": "PUBLISH",
      "usage": {
        "twx-view": 1,
        "twx-dt-view": 1,
        "twx-dt-model": 1,
        "twx-dt-modelitem": 4,
        "twx-dt-target-spatial": 1,
        "twx-overlay": 1,
        "twx-overlay-container": 5,
        "twx-gridlayout": 4,
        "twx-row": 4,
        "twx-col": 6,
        "twx-overlay-body": 1,
        "twx-label": 5,
        "twx-popup": 1,
        "twx-image2": 2,
        "twx-audio": 4,
        "twx-button": 2
      }
    },
    {
      "timestamp": "2021-07-13T15:59:14.664Z",
      "action": "PUBLISH",
      "usage": {
        "twx-view": 1,
        "twx-dt-view": 1,
        "twx-dt-model": 1,
        "twx-dt-modelitem": 4,
        "twx-dt-target-spatial": 1,
        "twx-overlay": 1,
        "twx-overlay-container": 5,
        "twx-gridlayout": 4,
        "twx-row": 4,
        "twx-col": 6,
        "twx-overlay-body": 1,
        "twx-label": 5,
        "twx-popup": 1,
        "twx-image2": 2,
        "twx-audio": 4,
        "twx-button": 2
      }
    },
    {
      "timestamp": "2021-07-13T15:59:30.137Z",
      "action": "PUBLISH",
      "usage": {
        "twx-view": 1,
        "twx-dt-view": 1,
        "twx-dt-model": 1,
        "twx-dt-modelitem": 4,
        "twx-dt-target-spatial": 1,
        "twx-overlay": 1,
        "twx-overlay-container": 5,
        "twx-gridlayout": 4,
        "twx-row": 4,
        "twx-col": 6,
        "twx-overlay-body": 1,
        "twx-label": 5,
        "twx-popup": 1,
        "twx-image2": 2,
        "twx-audio": 4,
        "twx-button": 2
      }
    },
    {
      "timestamp": "2021-07-13T16:00:59.853Z",
      "action": "PUBLISH",
      "usage": {
        "twx-view": 1,
        "twx-dt-view": 1,
        "twx-dt-model": 1,
        "twx-dt-modelitem": 4,
        "twx-dt-target-spatial": 1,
        "twx-overlay": 1,
        "twx-overlay-container": 5,
        "twx-gridlayout": 4,
        "twx-row": 4,
        "twx-col": 6,
        "twx-overlay-body": 1,
        "twx-label": 5,
        "twx-popup": 1,
        "twx-image2": 2,
        "twx-audio": 4,
        "twx-button": 2
      }
    },
    {
      "timestamp": "2021-07-13T16:01:28.137Z",
      "action": "PUBLISH",
      "usage": {
        "twx-view": 1,
        "twx-dt-view": 1,
        "twx-dt-model": 1,
        "twx-dt-modelitem": 4,
        "twx-dt-target-spatial": 1,
        "twx-overlay": 1,
        "twx-overlay-container": 5,
        "twx-gridlayout": 4,
        "twx-row": 4,
        "twx-col": 6,
        "twx-overlay-body": 1,
        "twx-label": 5,
        "twx-popup": 1,
        "twx-image2": 2,
        "twx-audio": 4,
        "twx-button": 2
      }
    },
    {
      "timestamp": "2021-07-13T16:01:58.351Z",
      "action": "PUBLISH",
      "usage": {
        "twx-view": 1,
        "twx-dt-view": 1,
        "twx-dt-model": 1,
        "twx-dt-modelitem": 4,
        "twx-dt-target-spatial": 1,
        "twx-overlay": 1,
        "twx-overlay-container": 5,
        "twx-gridlayout": 3,
        "twx-row": 3,
        "twx-col": 5,
        "twx-overlay-body": 1,
        "twx-popup": 1,
        "twx-image2": 2,
        "twx-audio": 4,
        "twx-button": 2,
        "twx-label": 1
      }
    },
    {
      "timestamp": "2021-07-13T16:03:48.545Z",
      "action": "PUBLISH",
      "usage": {
        "twx-view": 1,
        "twx-dt-view": 1,
        "twx-dt-model": 1,
        "twx-dt-modelitem": 4,
        "twx-dt-target-spatial": 1,
        "twx-overlay": 1,
        "twx-overlay-container": 5,
        "twx-gridlayout": 3,
        "twx-row": 3,
        "twx-col": 5,
        "twx-overlay-body": 1,
        "twx-popup": 1,
        "twx-image2": 2,
        "twx-audio": 4,
        "twx-button": 2,
        "twx-label": 1
      }
    },
    {
      "timestamp": "2021-07-13T16:17:49.284Z",
      "action": "PUBLISH",
      "usage": {
        "twx-view": 1,
        "twx-dt-view": 1,
        "twx-dt-model": 1,
        "twx-dt-modelitem": 4,
        "twx-dt-target-spatial": 1,
        "twx-overlay": 1,
        "twx-overlay-container": 5,
        "twx-gridlayout": 3,
        "twx-row": 3,
        "twx-col": 5,
        "twx-overlay-body": 1,
        "twx-popup": 1,
        "twx-image2": 2,
        "twx-audio": 4,
        "twx-button": 2,
        "twx-label": 1
      }
    },
    {
      "timestamp": "2021-07-13T16:18:30.318Z",
      "action": "PUBLISH",
      "usage": {
        "twx-view": 1,
        "twx-dt-view": 1,
        "twx-dt-model": 1,
        "twx-dt-modelitem": 4,
        "twx-dt-target-spatial": 1,
        "twx-overlay": 1,
        "twx-overlay-container": 5,
        "twx-gridlayout": 3,
        "twx-row": 3,
        "twx-col": 5,
        "twx-overlay-body": 1,
        "twx-popup": 1,
        "twx-image2": 2,
        "twx-audio": 4,
        "twx-button": 2,
        "twx-label": 1
      }
    },
    {
      "timestamp": "2021-07-13T16:19:50.890Z",
      "action": "PUBLISH",
      "usage": {
        "twx-view": 1,
        "twx-dt-view": 1,
        "twx-dt-model": 1,
        "twx-dt-modelitem": 4,
        "twx-dt-target-spatial": 1,
        "twx-overlay": 1,
        "twx-overlay-container": 5,
        "twx-gridlayout": 3,
        "twx-row": 3,
        "twx-col": 5,
        "twx-overlay-body": 1,
        "twx-popup": 1,
        "twx-image2": 2,
        "twx-audio": 4,
        "twx-button": 2,
        "twx-label": 1
      }
    },
    {
      "timestamp": "2021-07-13T16:21:04.336Z",
      "action": "PUBLISH",
      "usage": {
        "twx-view": 1,
        "twx-dt-view": 1,
        "twx-dt-model": 1,
        "twx-dt-modelitem": 4,
        "twx-dt-target-spatial": 1,
        "twx-overlay": 1,
        "twx-overlay-container": 5,
        "twx-gridlayout": 3,
        "twx-row": 3,
        "twx-col": 5,
        "twx-overlay-body": 1,
        "twx-popup": 1,
        "twx-image2": 2,
        "twx-audio": 4,
        "twx-button": 2,
        "twx-label": 1
      }
    },
    {
      "timestamp": "2021-07-13T16:34:51.809Z",
      "action": "PUBLISH",
      "usage": {
        "twx-view": 1,
        "twx-dt-view": 1,
        "twx-dt-model": 1,
        "twx-dt-modelitem": 4,
        "twx-dt-target-spatial": 1,
        "twx-overlay": 1,
        "twx-overlay-container": 5,
        "twx-gridlayout": 3,
        "twx-row": 3,
        "twx-col": 5,
        "twx-overlay-body": 1,
        "twx-popup": 1,
        "twx-image2": 2,
        "twx-audio": 4,
        "twx-button": 2,
        "twx-label": 1
      }
    },
    {
      "timestamp": "2021-07-13T16:36:35.401Z",
      "action": "PUBLISH",
      "usage": {
        "twx-view": 1,
        "twx-dt-view": 1,
        "twx-dt-model": 1,
        "twx-dt-modelitem": 4,
        "twx-dt-target-spatial": 1,
        "twx-overlay": 1,
        "twx-overlay-container": 5,
        "twx-gridlayout": 3,
        "twx-row": 3,
        "twx-col": 5,
        "twx-overlay-body": 1,
        "twx-popup": 1,
        "twx-image2": 2,
        "twx-audio": 4,
        "twx-button": 2,
        "twx-label": 1
      }
    },
    {
      "timestamp": "2021-07-13T16:37:42.872Z",
      "action": "PUBLISH",
      "usage": {
        "twx-view": 1,
        "twx-dt-view": 1,
        "twx-dt-model": 1,
        "twx-dt-modelitem": 4,
        "twx-dt-target-spatial": 1,
        "twx-overlay": 1,
        "twx-overlay-container": 5,
        "twx-gridlayout": 3,
        "twx-row": 3,
        "twx-col": 5,
        "twx-overlay-body": 1,
        "twx-popup": 1,
        "twx-image2": 2,
        "twx-audio": 4,
        "twx-button": 2,
        "twx-label": 1
      }
    },
    {
      "timestamp": "2021-07-13T16:38:44.628Z",
      "action": "PUBLISH",
      "usage": {
        "twx-view": 1,
        "twx-dt-view": 1,
        "twx-dt-model": 1,
        "twx-dt-modelitem": 4,
        "twx-dt-target-spatial": 1,
        "twx-overlay": 1,
        "twx-overlay-container": 5,
        "twx-gridlayout": 3,
        "twx-row": 3,
        "twx-col": 5,
        "twx-overlay-body": 1,
        "twx-popup": 1,
        "twx-image2": 2,
        "twx-audio": 4,
        "twx-button": 2,
        "twx-label": 1
      }
    },
    {
      "timestamp": "2021-07-13T16:39:37.458Z",
      "action": "PUBLISH",
      "usage": {
        "twx-view": 1,
        "twx-dt-view": 1,
        "twx-dt-model": 1,
        "twx-dt-modelitem": 4,
        "twx-dt-target-spatial": 1,
        "twx-overlay": 1,
        "twx-overlay-container": 5,
        "twx-gridlayout": 3,
        "twx-row": 3,
        "twx-col": 5,
        "twx-overlay-body": 1,
        "twx-popup": 1,
        "twx-image2": 2,
        "twx-audio": 4,
        "twx-button": 2,
        "twx-label": 1
      }
    },
    {
      "timestamp": "2021-07-13T16:49:12.778Z",
      "action": "PUBLISH",
      "usage": {
        "twx-view": 1,
        "twx-dt-view": 1,
        "twx-dt-model": 1,
        "twx-dt-modelitem": 4,
        "twx-dt-target-spatial": 1,
        "twx-overlay": 1,
        "twx-overlay-container": 5,
        "twx-gridlayout": 3,
        "twx-row": 3,
        "twx-col": 5,
        "twx-overlay-body": 1,
        "twx-popup": 1,
        "twx-image2": 2,
        "twx-audio": 4,
        "twx-button": 2,
        "twx-label": 1
      }
    },
    {
      "timestamp": "2021-07-13T19:47:04.282Z",
      "action": "PUBLISH",
      "usage": {
        "twx-view": 1,
        "twx-dt-view": 1,
        "twx-dt-model": 1,
        "twx-dt-modelitem": 4,
        "twx-dt-target-spatial": 1,
        "twx-overlay": 1,
        "twx-overlay-container": 5,
        "twx-gridlayout": 3,
        "twx-row": 3,
        "twx-col": 5,
        "twx-overlay-body": 1,
        "twx-popup": 1,
        "twx-image2": 2,
        "twx-audio": 4,
        "twx-button": 2,
        "twx-label": 1
      }
    },
    {
      "timestamp": "2021-07-13T20:07:06.069Z",
      "action": "PUBLISH",
      "usage": {
        "twx-view": 1,
        "twx-dt-view": 1,
        "twx-dt-model": 1,
        "twx-dt-modelitem": 4,
        "twx-dt-target-spatial": 1,
        "twx-overlay": 1,
        "twx-overlay-container": 5,
        "twx-gridlayout": 3,
        "twx-row": 3,
        "twx-col": 5,
        "twx-overlay-body": 1,
        "twx-popup": 1,
        "twx-image2": 2,
        "twx-audio": 4,
        "twx-button": 2,
        "twx-label": 1
      }
    },
    {
      "timestamp": "2021-07-14T06:32:20.178Z",
      "action": "PUBLISH",
      "usage": {
        "twx-view": 1,
        "twx-dt-view": 1,
        "twx-dt-model": 1,
        "twx-dt-modelitem": 4,
        "twx-dt-target-spatial": 1,
        "twx-overlay": 1,
        "twx-overlay-container": 5,
        "twx-gridlayout": 3,
        "twx-row": 3,
        "twx-col": 5,
        "twx-overlay-body": 1,
        "twx-popup": 1,
        "twx-image2": 2,
        "twx-audio": 4,
        "twx-button": 2,
        "twx-label": 1
      }
    },
    {
      "timestamp": "2021-07-14T16:18:04.008Z",
      "action": "PUBLISH",
      "usage": {
        "twx-view": 1,
        "twx-dt-view": 1,
        "twx-dt-model": 1,
        "twx-dt-modelitem": 4,
        "twx-dt-target-spatial": 1,
        "twx-overlay": 1,
        "twx-overlay-container": 5,
        "twx-gridlayout": 3,
        "twx-row": 3,
        "twx-col": 5,
        "twx-overlay-body": 1,
        "twx-popup": 1,
        "twx-image2": 2,
        "twx-audio": 4,
        "twx-button": 2,
        "twx-label": 1
      }
    },
    {
      "timestamp": "2021-07-14T16:24:43.414Z",
      "action": "PUBLISH",
      "usage": {
        "twx-view": 1,
        "twx-dt-view": 1,
        "twx-dt-model": 1,
        "twx-dt-modelitem": 4,
        "twx-dt-target-spatial": 1,
        "twx-overlay": 1,
        "twx-overlay-container": 5,
        "twx-gridlayout": 3,
        "twx-row": 3,
        "twx-col": 5,
        "twx-overlay-body": 1,
        "twx-popup": 1,
        "twx-image2": 2,
        "twx-audio": 4,
        "twx-button": 2,
        "twx-label": 1
      }
    },
    {
      "timestamp": "2021-07-14T21:53:46.404Z",
      "action": "PUBLISH",
      "usage": {
        "twx-view": 1,
        "twx-dt-view": 1,
        "twx-dt-model": 1,
        "twx-dt-modelitem": 4,
        "twx-dt-target-spatial": 1,
        "twx-overlay": 1,
        "twx-overlay-container": 5,
        "twx-gridlayout": 3,
        "twx-row": 3,
        "twx-col": 5,
        "twx-overlay-body": 1,
        "twx-popup": 1,
        "twx-image2": 2,
        "twx-audio": 4,
        "twx-button": 2,
        "twx-label": 1
      }
    },
    {
      "timestamp": "2021-07-15T17:11:17.301Z",
      "action": "PUBLISH",
      "usage": {
        "twx-view": 1,
        "twx-dt-view": 1,
        "twx-dt-model": 1,
        "twx-dt-modelitem": 4,
        "twx-dt-target-spatial": 1,
        "twx-overlay": 1,
        "twx-overlay-container": 5,
        "twx-gridlayout": 3,
        "twx-row": 3,
        "twx-col": 5,
        "twx-overlay-body": 1,
        "twx-popup": 1,
        "twx-image2": 2,
        "twx-audio": 4,
        "twx-button": 2,
        "twx-label": 1
      }
    },
    {
      "timestamp": "2021-07-15T18:41:01.049Z",
      "action": "PUBLISH",
      "usage": {
        "twx-view": 1,
        "twx-dt-view": 1,
        "twx-dt-model": 1,
        "twx-dt-modelitem": 4,
        "twx-dt-target-spatial": 1,
        "twx-overlay": 1,
        "twx-overlay-container": 5,
        "twx-gridlayout": 4,
        "twx-row": 5,
        "twx-col": 7,
        "twx-overlay-body": 1,
        "twx-popup": 2,
        "twx-image2": 2,
        "twx-audio": 4,
        "twx-button": 2,
        "twx-label": 1
      }
    },
    {
      "timestamp": "2021-07-15T18:43:52.794Z",
      "action": "PUBLISH",
      "usage": {
        "twx-view": 1,
        "twx-dt-view": 1,
        "twx-dt-model": 1,
        "twx-dt-modelitem": 4,
        "twx-dt-target-spatial": 1,
        "twx-overlay": 1,
        "twx-overlay-container": 5,
        "twx-gridlayout": 4,
        "twx-row": 5,
        "twx-col": 7,
        "twx-overlay-body": 1,
        "twx-popup": 2,
        "twx-image2": 2,
        "twx-audio": 4,
        "twx-button": 2,
        "twx-label": 1
      }
    },
    {
      "timestamp": "2021-07-15T18:45:00.317Z",
      "action": "PUBLISH",
      "usage": {
        "twx-view": 1,
        "twx-dt-view": 1,
        "twx-dt-model": 1,
        "twx-dt-modelitem": 4,
        "twx-dt-target-spatial": 1,
        "twx-overlay": 1,
        "twx-overlay-container": 5,
        "twx-gridlayout": 3,
        "twx-row": 3,
        "twx-col": 5,
        "twx-overlay-body": 1,
        "twx-popup": 1,
        "twx-image2": 2,
        "twx-audio": 4,
        "twx-button": 2,
        "twx-label": 1
      }
    },
    {
      "timestamp": "2021-07-15T18:55:43.505Z",
      "action": "PUBLISH",
      "usage": {
        "twx-view": 1,
        "twx-dt-view": 1,
        "twx-dt-model": 1,
        "twx-dt-modelitem": 4,
        "twx-dt-target-spatial": 1,
        "twx-overlay": 1,
        "twx-overlay-container": 5,
        "twx-gridlayout": 3,
        "twx-row": 3,
        "twx-col": 5,
        "twx-overlay-body": 1,
        "twx-popup": 1,
        "twx-image2": 2,
        "twx-audio": 4,
        "twx-button": 2,
        "twx-label": 1
      }
    },
    {
      "timestamp": "2021-07-19T20:34:48.792Z",
      "action": "PUBLISH",
      "usage": {
        "twx-view": 1,
        "twx-dt-view": 1,
        "twx-dt-model": 1,
        "twx-dt-modelitem": 4,
        "twx-dt-target-spatial": 1,
        "twx-overlay": 1,
        "twx-overlay-container": 5,
        "twx-gridlayout": 4,
        "twx-row": 6,
        "twx-col": 8,
        "twx-image2": 3,
        "twx-overlay-body": 1,
        "twx-popup": 2,
        "twx-label": 5,
        "twx-button": 3,
        "twx-audio": 4
      }
    },
    {
      "timestamp": "2021-07-19T20:40:55.755Z",
      "action": "PUBLISH",
      "usage": {
        "twx-view": 1,
        "twx-dt-view": 1,
        "twx-dt-model": 1,
        "twx-dt-modelitem": 4,
        "twx-dt-target-spatial": 1,
        "twx-overlay": 1,
        "twx-overlay-container": 5,
        "twx-gridlayout": 4,
        "twx-row": 6,
        "twx-col": 8,
        "twx-image2": 3,
        "twx-overlay-body": 1,
        "twx-popup": 2,
        "twx-label": 5,
        "twx-button": 3,
        "twx-audio": 4
      }
    },
    {
      "timestamp": "2021-07-19T20:41:30.489Z",
      "action": "PUBLISH",
      "usage": {
        "twx-view": 1,
        "twx-dt-view": 1,
        "twx-dt-model": 1,
        "twx-dt-modelitem": 4,
        "twx-dt-target-spatial": 1,
        "twx-overlay": 1,
        "twx-overlay-container": 5,
        "twx-gridlayout": 4,
        "twx-row": 6,
        "twx-col": 8,
        "twx-image2": 3,
        "twx-overlay-body": 1,
        "twx-popup": 2,
        "twx-label": 5,
        "twx-button": 3,
        "twx-audio": 4
      }
    },
    {
      "timestamp": "2021-07-19T20:49:37.629Z",
      "action": "PUBLISH",
      "usage": {
        "twx-view": 1,
        "twx-dt-view": 1,
        "twx-dt-model": 1,
        "twx-dt-modelitem": 4,
        "twx-dt-target-spatial": 1,
        "twx-overlay": 1,
        "twx-overlay-container": 5,
        "twx-gridlayout": 4,
        "twx-row": 6,
        "twx-col": 8,
        "twx-image2": 3,
        "twx-overlay-body": 1,
        "twx-popup": 2,
        "twx-label": 5,
        "twx-button": 3,
        "twx-audio": 4
      }
    },
    {
      "timestamp": "2021-07-19T21:11:14.633Z",
      "action": "PUBLISH",
      "usage": {
        "twx-view": 1,
        "twx-dt-view": 1,
        "twx-dt-model": 1,
        "twx-dt-modelitem": 4,
        "twx-dt-target-spatial": 1,
        "twx-overlay": 1,
        "twx-overlay-container": 5,
        "twx-gridlayout": 4,
        "twx-row": 6,
        "twx-col": 8,
        "twx-image2": 3,
        "twx-overlay-body": 1,
        "twx-popup": 2,
        "twx-label": 5,
        "twx-button": 3,
        "twx-audio": 4
      }
    },
    {
      "timestamp": "2021-07-19T21:11:27.040Z",
      "action": "LATEST_SAVE",
      "usage": {
        "twx-view": 1,
        "twx-dt-view": 1,
        "twx-dt-model": 1,
        "twx-dt-modelitem": 4,
        "twx-dt-target-spatial": 1,
        "twx-overlay": 1,
        "twx-overlay-container": 5,
        "twx-gridlayout": 4,
        "twx-row": 6,
        "twx-col": 8,
        "twx-image2": 3,
        "twx-overlay-body": 1,
        "twx-popup": 2,
        "twx-label": 5,
        "twx-button": 3,
        "twx-audio": 4
      }
    }
  ],
  "accessType": "public",
  "designedfor": []
}
