{
  "attributes": {
    "twx-widget": "",
    "widget-id": "view-1",
    "widget-name": "view-1",
    "is-widget-container": "true",
    "viewtype": "ar"
  },
  "children": [
    {
      "name": "twx-container-content",
      "children": [
        {
          "attributes": {
            "twx-widget": "",
            "widget-id": "3DContainer-1",
            "widget-name": "3D Container",
            "is-widget-container": "true",
            "enabletrackingevents": "true",
            "dropshadow": "true"
          },
          "name": "twx-dt-view",
          "children": [
            {
              "name": "twx-container-content",
              "children": [
                {
                  "attributes": {
                    "twx-widget": "",
                    "widget-id": "3DLabel-1",
                    "state-format-value": "text",
                    "font-outline-color": "transparent",
                    "widget-name": "3DLabel-1",
                    "text": "Label",
                    "class": "simple-label",
                    "y": "0.05",
                    "rx": "0",
                    "ry": "-90"
                  },
                  "name": "twx-dt-label",
                  "children": [
                    {
                      "attributes": {
                        "databind-id": "db-1625694613231",
                        "source-type": "data",
                        "source-name": "ringHeight",
                        "source-item-type": "value",
                        "source-item-name": "ringHeight",
                        "binding-type": "custom_field",
                        "from-expression": "app.params['ringHeight']",
                        "to-property": "y"
                      },
                      "name": "twx-databind"
                    },
                    {
                      "attributes": {
                        "databind-id": "db-1625696245749",
                        "source-type": "data",
                        "source-name": "ringRadius",
                        "source-item-type": "value",
                        "source-item-name": "ringRadius",
                        "binding-type": "custom_field",
                        "from-expression": "app.params['ringRadius']",
                        "to-property": "x"
                      },
                      "name": "twx-databind",
                      "children": [
                        {
                          "attributes": {
                            "filter-id": "df-1625696439881",
                            "filter-name": "Xpos",
                            "filter-body": "return value*Math.cos(0)"
                          },
                          "name": "twx-data-filter"
                        }
                      ]
                    },
                    {
                      "attributes": {
                        "databind-id": "db-1625696248073",
                        "source-type": "data",
                        "source-name": "ringRadius",
                        "source-item-type": "value",
                        "source-item-name": "ringRadius",
                        "binding-type": "custom_field",
                        "from-expression": "app.params['ringRadius']",
                        "to-property": "z"
                      },
                      "name": "twx-databind",
                      "children": [
                        {
                          "attributes": {
                            "filter-id": "df-1625696454013",
                            "filter-name": "Zpos",
                            "filter-body": "return value*-Math.sin(0)"
                          },
                          "name": "twx-data-filter"
                        }
                      ]
                    },
                    {
                      "attributes": {
                        "databind-id": "db-1625718003935",
                        "source-type": "data",
                        "source-name": "labelText",
                        "source-item-type": "value",
                        "source-item-name": "labelText",
                        "binding-type": "custom_field",
                        "from-expression": "app.params['labelText']",
                        "to-property": "text"
                      },
                      "name": "twx-databind"
                    },
                    {
                      "attributes": {
                        "databind-id": "db-1626467586424",
                        "source-type": "data",
                        "source-name": "labelScale",
                        "source-item-type": "value",
                        "source-item-name": "labelScale",
                        "binding-type": "custom_field",
                        "from-expression": "app.params['labelScale']",
                        "to-property": "scale"
                      },
                      "name": "twx-databind"
                    }
                  ]
                },
                {
                  "attributes": {
                    "twx-widget": "",
                    "widget-id": "3DLabel-2",
                    "state-format-value": "text",
                    "font-outline-color": "transparent",
                    "widget-name": "3DLabel-2",
                    "text": "",
                    "class": "simple-label",
                    "y": "0.05",
                    "rx": "0",
                    "ry": "-54"
                  },
                  "name": "twx-dt-label",
                  "children": [
                    {
                      "attributes": {
                        "databind-id": "db-1625694617151",
                        "source-type": "data",
                        "source-name": "ringHeight",
                        "source-item-type": "value",
                        "source-item-name": "ringHeight",
                        "binding-type": "custom_field",
                        "from-expression": "app.params['ringHeight']",
                        "to-property": "y"
                      },
                      "name": "twx-databind"
                    },
                    {
                      "attributes": {
                        "databind-id": "db-1625696799795",
                        "source-type": "data",
                        "source-name": "ringRadius",
                        "source-item-type": "value",
                        "source-item-name": "ringRadius",
                        "binding-type": "custom_field",
                        "from-expression": "app.params['ringRadius']",
                        "to-property": "x"
                      },
                      "name": "twx-databind",
                      "children": [
                        {
                          "attributes": {
                            "filter-id": "df-1625696820906",
                            "filter-name": "Xpos",
                            "filter-body": "return value*Math.cos(Math.PI/5)"
                          },
                          "name": "twx-data-filter"
                        }
                      ]
                    },
                    {
                      "attributes": {
                        "databind-id": "db-1625696805237",
                        "source-type": "data",
                        "source-name": "ringRadius",
                        "source-item-type": "value",
                        "source-item-name": "ringRadius",
                        "binding-type": "custom_field",
                        "from-expression": "app.params['ringRadius']",
                        "to-property": "z"
                      },
                      "name": "twx-databind",
                      "children": [
                        {
                          "attributes": {
                            "filter-id": "df-1625696830143",
                            "filter-name": "Zpos",
                            "filter-body": "return value*-Math.sin(Math.PI/5)"
                          },
                          "name": "twx-data-filter"
                        }
                      ]
                    },
                    {
                      "attributes": {
                        "databind-id": "db-1625718347566",
                        "source-type": "data",
                        "source-name": "labelText",
                        "source-item-type": "value",
                        "source-item-name": "labelText",
                        "binding-type": "custom_field",
                        "from-expression": "app.params['labelText']",
                        "to-property": "text"
                      },
                      "name": "twx-databind"
                    },
                    {
                      "attributes": {
                        "databind-id": "db-1626467590432",
                        "source-type": "data",
                        "source-name": "labelScale",
                        "source-item-type": "value",
                        "source-item-name": "labelScale",
                        "binding-type": "custom_field",
                        "from-expression": "app.params['labelScale']",
                        "to-property": "scale"
                      },
                      "name": "twx-databind"
                    }
                  ]
                },
                {
                  "attributes": {
                    "twx-widget": "",
                    "widget-id": "3DLabel-3",
                    "state-format-value": "text",
                    "font-outline-color": "transparent",
                    "widget-name": "3DLabel-3",
                    "text": "",
                    "class": "simple-label",
                    "y": "0.05",
                    "rx": "0",
                    "ry": "-18"
                  },
                  "name": "twx-dt-label",
                  "children": [
                    {
                      "attributes": {
                        "databind-id": "db-1625633620779",
                        "source-type": "data",
                        "source-name": "labelText",
                        "source-item-type": "value",
                        "source-item-name": "labelText",
                        "binding-type": "custom_field",
                        "from-expression": "app.params['labelText']",
                        "to-property": "text"
                      },
                      "name": "twx-databind"
                    },
                    {
                      "attributes": {
                        "databind-id": "db-1625694625400",
                        "source-type": "data",
                        "source-name": "ringHeight",
                        "source-item-type": "value",
                        "source-item-name": "ringHeight",
                        "binding-type": "custom_field",
                        "from-expression": "app.params['ringHeight']",
                        "to-property": "y"
                      },
                      "name": "twx-databind"
                    },
                    {
                      "attributes": {
                        "databind-id": "db-1625788799635",
                        "source-type": "data",
                        "source-name": "ringRadius",
                        "source-item-type": "value",
                        "source-item-name": "ringRadius",
                        "binding-type": "custom_field",
                        "from-expression": "app.params['ringRadius']",
                        "to-property": "x"
                      },
                      "name": "twx-databind",
                      "children": [
                        {
                          "attributes": {
                            "filter-id": "df-1625788902099",
                            "filter-name": "Xpos",
                            "filter-body": "return value*Math.cos(2*Math.PI/5)"
                          },
                          "name": "twx-data-filter"
                        }
                      ]
                    },
                    {
                      "attributes": {
                        "databind-id": "db-1625788804592",
                        "source-type": "data",
                        "source-name": "ringRadius",
                        "source-item-type": "value",
                        "source-item-name": "ringRadius",
                        "binding-type": "custom_field",
                        "from-expression": "app.params['ringRadius']",
                        "to-property": "z"
                      },
                      "name": "twx-databind",
                      "children": [
                        {
                          "attributes": {
                            "filter-id": "df-1625788920750",
                            "filter-name": "Zpos",
                            "filter-body": "return value*-Math.sin(2*Math.PI/5)"
                          },
                          "name": "twx-data-filter"
                        }
                      ]
                    },
                    {
                      "attributes": {
                        "databind-id": "db-1626467597540",
                        "source-type": "data",
                        "source-name": "labelScale",
                        "source-item-type": "value",
                        "source-item-name": "labelScale",
                        "binding-type": "custom_field",
                        "from-expression": "app.params['labelScale']",
                        "to-property": "scale"
                      },
                      "name": "twx-databind"
                    }
                  ]
                },
                {
                  "attributes": {
                    "twx-widget": "",
                    "widget-id": "3DLabel-4",
                    "state-format-value": "text",
                    "font-outline-color": "transparent",
                    "widget-name": "3DLabel-4",
                    "text": "",
                    "class": "simple-label",
                    "y": "0.05",
                    "rx": "0",
                    "ry": "18"
                  },
                  "name": "twx-dt-label",
                  "children": [
                    {
                      "attributes": {
                        "databind-id": "db-1625633625202",
                        "source-type": "data",
                        "source-name": "labelText",
                        "source-item-type": "value",
                        "source-item-name": "labelText",
                        "binding-type": "custom_field",
                        "from-expression": "app.params['labelText']",
                        "to-property": "text"
                      },
                      "name": "twx-databind"
                    },
                    {
                      "attributes": {
                        "databind-id": "db-1625694629683",
                        "source-type": "data",
                        "source-name": "ringHeight",
                        "source-item-type": "value",
                        "source-item-name": "ringHeight",
                        "binding-type": "custom_field",
                        "from-expression": "app.params['ringHeight']",
                        "to-property": "y"
                      },
                      "name": "twx-databind"
                    },
                    {
                      "attributes": {
                        "databind-id": "db-1625788809460",
                        "source-type": "data",
                        "source-name": "ringRadius",
                        "source-item-type": "value",
                        "source-item-name": "ringRadius",
                        "binding-type": "custom_field",
                        "from-expression": "app.params['ringRadius']",
                        "to-property": "x"
                      },
                      "name": "twx-databind",
                      "children": [
                        {
                          "attributes": {
                            "filter-id": "df-1625789216513",
                            "filter-name": "Xpos",
                            "filter-body": "return value*Math.cos(3*Math.PI/5)"
                          },
                          "name": "twx-data-filter"
                        }
                      ]
                    },
                    {
                      "attributes": {
                        "databind-id": "db-1625788814352",
                        "source-type": "data",
                        "source-name": "ringRadius",
                        "source-item-type": "value",
                        "source-item-name": "ringRadius",
                        "binding-type": "custom_field",
                        "from-expression": "app.params['ringRadius']",
                        "to-property": "z"
                      },
                      "name": "twx-databind",
                      "children": [
                        {
                          "attributes": {
                            "filter-id": "df-1625789234344",
                            "filter-name": "Zpos",
                            "filter-body": "return value*-Math.sin(3*Math.PI/5)"
                          },
                          "name": "twx-data-filter"
                        }
                      ]
                    },
                    {
                      "attributes": {
                        "databind-id": "db-1626467602290",
                        "source-type": "data",
                        "source-name": "labelScale",
                        "source-item-type": "value",
                        "source-item-name": "labelScale",
                        "binding-type": "custom_field",
                        "from-expression": "app.params['labelScale']",
                        "to-property": "scale"
                      },
                      "name": "twx-databind"
                    }
                  ]
                },
                {
                  "attributes": {
                    "twx-widget": "",
                    "widget-id": "3DLabel-5",
                    "state-format-value": "text",
                    "font-outline-color": "transparent",
                    "widget-name": "3DLabel-5",
                    "text": "",
                    "class": "simple-label",
                    "y": "0.05",
                    "rx": "0",
                    "ry": "54"
                  },
                  "name": "twx-dt-label",
                  "children": [
                    {
                      "attributes": {
                        "databind-id": "db-1625633629418",
                        "source-type": "data",
                        "source-name": "labelText",
                        "source-item-type": "value",
                        "source-item-name": "labelText",
                        "binding-type": "custom_field",
                        "from-expression": "app.params['labelText']",
                        "to-property": "text"
                      },
                      "name": "twx-databind"
                    },
                    {
                      "attributes": {
                        "databind-id": "db-1625694633813",
                        "source-type": "data",
                        "source-name": "ringHeight",
                        "source-item-type": "value",
                        "source-item-name": "ringHeight",
                        "binding-type": "custom_field",
                        "from-expression": "app.params['ringHeight']",
                        "to-property": "y"
                      },
                      "name": "twx-databind"
                    },
                    {
                      "attributes": {
                        "databind-id": "db-1625788818660",
                        "source-type": "data",
                        "source-name": "ringRadius",
                        "source-item-type": "value",
                        "source-item-name": "ringRadius",
                        "binding-type": "custom_field",
                        "from-expression": "app.params['ringRadius']",
                        "to-property": "x"
                      },
                      "name": "twx-databind",
                      "children": [
                        {
                          "attributes": {
                            "filter-id": "df-1625789278804",
                            "filter-name": "Xpos",
                            "filter-body": "return value*Math.cos(4*Math.PI/5)"
                          },
                          "name": "twx-data-filter"
                        }
                      ]
                    },
                    {
                      "attributes": {
                        "databind-id": "db-1625788823154",
                        "source-type": "data",
                        "source-name": "ringRadius",
                        "source-item-type": "value",
                        "source-item-name": "ringRadius",
                        "binding-type": "custom_field",
                        "from-expression": "app.params['ringRadius']",
                        "to-property": "z"
                      },
                      "name": "twx-databind",
                      "children": [
                        {
                          "attributes": {
                            "filter-id": "df-1625789265368",
                            "filter-name": "Zpos",
                            "filter-body": "return value*-Math.sin(4*Math.PI/5)"
                          },
                          "name": "twx-data-filter"
                        }
                      ]
                    },
                    {
                      "attributes": {
                        "databind-id": "db-1626467611098",
                        "source-type": "data",
                        "source-name": "labelScale",
                        "source-item-type": "value",
                        "source-item-name": "labelScale",
                        "binding-type": "custom_field",
                        "from-expression": "app.params['labelScale']",
                        "to-property": "scale"
                      },
                      "name": "twx-databind"
                    }
                  ]
                },
                {
                  "attributes": {
                    "twx-widget": "",
                    "widget-id": "3DLabel-6",
                    "state-format-value": "text",
                    "font-outline-color": "transparent",
                    "widget-name": "3DLabel-6",
                    "text": "",
                    "class": "simple-label",
                    "y": "0.05",
                    "rx": "0",
                    "ry": "90"
                  },
                  "name": "twx-dt-label",
                  "children": [
                    {
                      "attributes": {
                        "databind-id": "db-1625633633327",
                        "source-type": "data",
                        "source-name": "labelText",
                        "source-item-type": "value",
                        "source-item-name": "labelText",
                        "binding-type": "custom_field",
                        "from-expression": "app.params['labelText']",
                        "to-property": "text"
                      },
                      "name": "twx-databind"
                    },
                    {
                      "attributes": {
                        "databind-id": "db-1625694645596",
                        "source-type": "data",
                        "source-name": "ringHeight",
                        "source-item-type": "value",
                        "source-item-name": "ringHeight",
                        "binding-type": "custom_field",
                        "from-expression": "app.params['ringHeight']",
                        "to-property": "y"
                      },
                      "name": "twx-databind"
                    },
                    {
                      "attributes": {
                        "databind-id": "db-1625788827625",
                        "source-type": "data",
                        "source-name": "ringRadius",
                        "source-item-type": "value",
                        "source-item-name": "ringRadius",
                        "binding-type": "custom_field",
                        "from-expression": "app.params['ringRadius']",
                        "to-property": "x"
                      },
                      "name": "twx-databind",
                      "children": [
                        {
                          "attributes": {
                            "filter-id": "df-1625789342923",
                            "filter-name": "Xpos",
                            "filter-body": "return value*Math.cos(Math.PI)"
                          },
                          "name": "twx-data-filter"
                        }
                      ]
                    },
                    {
                      "attributes": {
                        "databind-id": "db-1625788832399",
                        "source-type": "data",
                        "source-name": "ringRadius",
                        "source-item-type": "value",
                        "source-item-name": "ringRadius",
                        "binding-type": "custom_field",
                        "from-expression": "app.params['ringRadius']",
                        "to-property": "z"
                      },
                      "name": "twx-databind",
                      "children": [
                        {
                          "attributes": {
                            "filter-id": "df-1625789331319",
                            "filter-name": "Zpos",
                            "filter-body": "return value*-Math.sin(Math.PI)"
                          },
                          "name": "twx-data-filter"
                        }
                      ]
                    },
                    {
                      "attributes": {
                        "databind-id": "db-1626468093762",
                        "source-type": "data",
                        "source-name": "labelScale",
                        "source-item-type": "value",
                        "source-item-name": "labelScale",
                        "binding-type": "custom_field",
                        "from-expression": "app.params['labelScale']",
                        "to-property": "scale"
                      },
                      "name": "twx-databind"
                    }
                  ]
                },
                {
                  "attributes": {
                    "twx-widget": "",
                    "widget-id": "3DLabel-7",
                    "state-format-value": "text",
                    "font-outline-color": "transparent",
                    "widget-name": "3DLabel-7",
                    "text": "",
                    "class": "simple-label",
                    "y": "0.05",
                    "rx": "0",
                    "ry": "126"
                  },
                  "name": "twx-dt-label",
                  "children": [
                    {
                      "attributes": {
                        "databind-id": "db-1625633637665",
                        "source-type": "data",
                        "source-name": "labelText",
                        "source-item-type": "value",
                        "source-item-name": "labelText",
                        "binding-type": "custom_field",
                        "from-expression": "app.params['labelText']",
                        "to-property": "text"
                      },
                      "name": "twx-databind"
                    },
                    {
                      "attributes": {
                        "databind-id": "db-1625694650019",
                        "source-type": "data",
                        "source-name": "ringHeight",
                        "source-item-type": "value",
                        "source-item-name": "ringHeight",
                        "binding-type": "custom_field",
                        "from-expression": "app.params['ringHeight']",
                        "to-property": "y"
                      },
                      "name": "twx-databind"
                    },
                    {
                      "attributes": {
                        "databind-id": "db-1625788838122",
                        "source-type": "data",
                        "source-name": "ringRadius",
                        "source-item-type": "value",
                        "source-item-name": "ringRadius",
                        "binding-type": "custom_field",
                        "from-expression": "app.params['ringRadius']",
                        "to-property": "x"
                      },
                      "name": "twx-databind",
                      "children": [
                        {
                          "attributes": {
                            "filter-id": "df-1625789378325",
                            "filter-name": "Xpos",
                            "filter-body": "return value*Math.cos(6*Math.PI/5)"
                          },
                          "name": "twx-data-filter"
                        }
                      ]
                    },
                    {
                      "attributes": {
                        "databind-id": "db-1625788842082",
                        "source-type": "data",
                        "source-name": "ringRadius",
                        "source-item-type": "value",
                        "source-item-name": "ringRadius",
                        "binding-type": "custom_field",
                        "from-expression": "app.params['ringRadius']",
                        "to-property": "z"
                      },
                      "name": "twx-databind",
                      "children": [
                        {
                          "attributes": {
                            "filter-id": "df-1625789390165",
                            "filter-name": "Zpos",
                            "filter-body": "return value*-Math.sin(6*Math.PI/5)"
                          },
                          "name": "twx-data-filter"
                        }
                      ]
                    },
                    {
                      "attributes": {
                        "databind-id": "db-1626467621719",
                        "source-type": "data",
                        "source-name": "labelScale",
                        "source-item-type": "value",
                        "source-item-name": "labelScale",
                        "binding-type": "custom_field",
                        "from-expression": "app.params['labelScale']",
                        "to-property": "scale"
                      },
                      "name": "twx-databind"
                    }
                  ]
                },
                {
                  "attributes": {
                    "twx-widget": "",
                    "widget-id": "3DLabel-8",
                    "state-format-value": "text",
                    "font-outline-color": "transparent",
                    "widget-name": "3DLabel-8",
                    "text": "",
                    "class": "simple-label",
                    "y": "0.05",
                    "rx": "0",
                    "ry": "162"
                  },
                  "name": "twx-dt-label",
                  "children": [
                    {
                      "attributes": {
                        "databind-id": "db-1625633646524",
                        "source-type": "data",
                        "source-name": "labelText",
                        "source-item-type": "value",
                        "source-item-name": "labelText",
                        "binding-type": "custom_field",
                        "from-expression": "app.params['labelText']",
                        "to-property": "text"
                      },
                      "name": "twx-databind"
                    },
                    {
                      "attributes": {
                        "databind-id": "db-1625694656811",
                        "source-type": "data",
                        "source-name": "ringHeight",
                        "source-item-type": "value",
                        "source-item-name": "ringHeight",
                        "binding-type": "custom_field",
                        "from-expression": "app.params['ringHeight']",
                        "to-property": "y"
                      },
                      "name": "twx-databind"
                    },
                    {
                      "attributes": {
                        "databind-id": "db-1625788847963",
                        "source-type": "data",
                        "source-name": "ringRadius",
                        "source-item-type": "value",
                        "source-item-name": "ringRadius",
                        "binding-type": "custom_field",
                        "from-expression": "app.params['ringRadius']",
                        "to-property": "x"
                      },
                      "name": "twx-databind",
                      "children": [
                        {
                          "attributes": {
                            "filter-id": "df-1625789570588",
                            "filter-name": "Xpos",
                            "filter-body": "return value*Math.cos(7*Math.PI/5)"
                          },
                          "name": "twx-data-filter"
                        }
                      ]
                    },
                    {
                      "attributes": {
                        "databind-id": "db-1625788852146",
                        "source-type": "data",
                        "source-name": "ringRadius",
                        "source-item-type": "value",
                        "source-item-name": "ringRadius",
                        "binding-type": "custom_field",
                        "from-expression": "app.params['ringRadius']",
                        "to-property": "z"
                      },
                      "name": "twx-databind",
                      "children": [
                        {
                          "attributes": {
                            "filter-id": "df-1625789583397",
                            "filter-name": "Zpos",
                            "filter-body": "return value*-Math.sin(7*Math.PI/5)"
                          },
                          "name": "twx-data-filter"
                        }
                      ]
                    },
                    {
                      "attributes": {
                        "databind-id": "db-1626467737308",
                        "source-type": "data",
                        "source-name": "labelScale",
                        "source-item-type": "value",
                        "source-item-name": "labelScale",
                        "binding-type": "custom_field",
                        "from-expression": "app.params['labelScale']",
                        "to-property": "scale"
                      },
                      "name": "twx-databind"
                    }
                  ]
                },
                {
                  "attributes": {
                    "twx-widget": "",
                    "widget-id": "3DLabel-9",
                    "state-format-value": "text",
                    "font-outline-color": "transparent",
                    "widget-name": "3DLabel-9",
                    "text": "",
                    "class": "simple-label",
                    "y": "0.05",
                    "rx": "0",
                    "ry": "-162"
                  },
                  "name": "twx-dt-label",
                  "children": [
                    {
                      "attributes": {
                        "databind-id": "db-1625633649965",
                        "source-type": "data",
                        "source-name": "labelText",
                        "source-item-type": "value",
                        "source-item-name": "labelText",
                        "binding-type": "custom_field",
                        "from-expression": "app.params['labelText']",
                        "to-property": "text"
                      },
                      "name": "twx-databind"
                    },
                    {
                      "attributes": {
                        "databind-id": "db-1625694663866",
                        "source-type": "data",
                        "source-name": "ringHeight",
                        "source-item-type": "value",
                        "source-item-name": "ringHeight",
                        "binding-type": "custom_field",
                        "from-expression": "app.params['ringHeight']",
                        "to-property": "y"
                      },
                      "name": "twx-databind"
                    },
                    {
                      "attributes": {
                        "databind-id": "db-1625788857833",
                        "source-type": "data",
                        "source-name": "ringRadius",
                        "source-item-type": "value",
                        "source-item-name": "ringRadius",
                        "binding-type": "custom_field",
                        "from-expression": "app.params['ringRadius']",
                        "to-property": "x"
                      },
                      "name": "twx-databind",
                      "children": [
                        {
                          "attributes": {
                            "filter-id": "df-1625789592379",
                            "filter-name": "Xpos",
                            "filter-body": "return value*Math.cos(8*Math.PI/5)"
                          },
                          "name": "twx-data-filter"
                        }
                      ]
                    },
                    {
                      "attributes": {
                        "databind-id": "db-1625788862776",
                        "source-type": "data",
                        "source-name": "ringRadius",
                        "source-item-type": "value",
                        "source-item-name": "ringRadius",
                        "binding-type": "custom_field",
                        "from-expression": "app.params['ringRadius']",
                        "to-property": "z"
                      },
                      "name": "twx-databind",
                      "children": [
                        {
                          "attributes": {
                            "filter-id": "df-1625789606517",
                            "filter-name": "Zpos",
                            "filter-body": "return value*-Math.sin(8*Math.PI/5)"
                          },
                          "name": "twx-data-filter"
                        }
                      ]
                    },
                    {
                      "attributes": {
                        "databind-id": "db-1626467758853",
                        "source-type": "data",
                        "source-name": "labelScale",
                        "source-item-type": "value",
                        "source-item-name": "labelScale",
                        "binding-type": "custom_field",
                        "from-expression": "app.params['labelScale']",
                        "to-property": "scale"
                      },
                      "name": "twx-databind"
                    }
                  ]
                },
                {
                  "attributes": {
                    "twx-widget": "",
                    "widget-id": "3DLabel-10",
                    "state-format-value": "text",
                    "font-outline-color": "transparent",
                    "widget-name": "3DLabel-10",
                    "text": "",
                    "class": "simple-label",
                    "y": "0.05",
                    "rx": "0",
                    "ry": "-126"
                  },
                  "name": "twx-dt-label",
                  "children": [
                    {
                      "attributes": {
                        "databind-id": "db-1625633653630",
                        "source-type": "data",
                        "source-name": "labelText",
                        "source-item-type": "value",
                        "source-item-name": "labelText",
                        "binding-type": "custom_field",
                        "from-expression": "app.params['labelText']",
                        "to-property": "text"
                      },
                      "name": "twx-databind"
                    },
                    {
                      "attributes": {
                        "databind-id": "db-1625694668477",
                        "source-type": "data",
                        "source-name": "ringHeight",
                        "source-item-type": "value",
                        "source-item-name": "ringHeight",
                        "binding-type": "custom_field",
                        "from-expression": "app.params['ringHeight']",
                        "to-property": "y"
                      },
                      "name": "twx-databind"
                    },
                    {
                      "attributes": {
                        "databind-id": "db-1625788866926",
                        "source-type": "data",
                        "source-name": "ringRadius",
                        "source-item-type": "value",
                        "source-item-name": "ringRadius",
                        "binding-type": "custom_field",
                        "from-expression": "app.params['ringRadius']",
                        "to-property": "x"
                      },
                      "name": "twx-databind",
                      "children": [
                        {
                          "attributes": {
                            "filter-id": "df-1625789616637",
                            "filter-name": "Xpos",
                            "filter-body": "return value*Math.cos(9*Math.PI/5)"
                          },
                          "name": "twx-data-filter"
                        }
                      ]
                    },
                    {
                      "attributes": {
                        "databind-id": "db-1625788871716",
                        "source-type": "data",
                        "source-name": "ringRadius",
                        "source-item-type": "value",
                        "source-item-name": "ringRadius",
                        "binding-type": "custom_field",
                        "from-expression": "app.params['ringRadius']",
                        "to-property": "z"
                      },
                      "name": "twx-databind",
                      "children": [
                        {
                          "attributes": {
                            "filter-id": "df-1625789629415",
                            "filter-name": "Zpos",
                            "filter-body": "return value*-Math.sin(9*Math.PI/5)"
                          },
                          "name": "twx-data-filter"
                        }
                      ]
                    },
                    {
                      "attributes": {
                        "databind-id": "db-1626467781801",
                        "source-type": "data",
                        "source-name": "labelScale",
                        "source-item-type": "value",
                        "source-item-name": "labelScale",
                        "binding-type": "custom_field",
                        "from-expression": "app.params['labelScale']",
                        "to-property": "scale"
                      },
                      "name": "twx-databind"
                    }
                  ]
                },
                {
                  "attributes": {
                    "twx-widget": "",
                    "widget-id": "spatialTarget-1",
                    "widget-name": "spatialTarget-1",
                    "rx": "-90"
                  },
                  "name": "twx-dt-target-spatial"
                }
              ]
            }
          ]
        },
        {
          "attributes": {
            "twx-widget": "",
            "widget-id": "2DOverlay-1",
            "widget-name": "2D Overlay",
            "is-widget-container": "true"
          },
          "name": "twx-overlay",
          "children": [
            {
              "name": "twx-container-content",
              "children": [
                {
                  "attributes": {
                    "twx-widget": "",
                    "widget-id": "panel-1",
                    "widget-name": "Top Panel",
                    "is-widget-container": "true",
                    "position": "top"
                  },
                  "name": "twx-overlay-container",
                  "children": [
                    {
                      "name": "twx-container-content"
                    }
                  ]
                },
                {
                  "attributes": {
                    "twx-widget": "",
                    "widget-id": "2DOverlayBody-1",
                    "widget-name": "2D Body",
                    "is-widget-container": "true"
                  },
                  "name": "twx-overlay-body",
                  "children": [
                    {
                      "name": "twx-container-content",
                      "children": [
                        {
                          "attributes": {
                            "twx-widget": "",
                            "widget-id": "panel-2",
                            "widget-name": "Left Panel",
                            "is-widget-container": "true",
                            "position": "left",
                            "width": "100px"
                          },
                          "name": "twx-overlay-container",
                          "children": [
                            {
                              "name": "twx-container-content"
                            }
                          ]
                        },
                        {
                          "attributes": {
                            "twx-widget": "",
                            "widget-id": "panel-3",
                            "widget-name": "Center Panel",
                            "is-widget-container": "true",
                            "position": "center"
                          },
                          "name": "twx-overlay-container",
                          "children": [
                            {
                              "name": "twx-container-content"
                            }
                          ]
                        },
                        {
                          "attributes": {
                            "twx-widget": "",
                            "widget-id": "panel-4",
                            "widget-name": "Right Panel",
                            "is-widget-container": "true",
                            "position": "right",
                            "width": "100px"
                          },
                          "name": "twx-overlay-container",
                          "children": [
                            {
                              "name": "twx-container-content"
                            }
                          ]
                        }
                      ]
                    }
                  ]
                },
                {
                  "attributes": {
                    "twx-widget": "",
                    "widget-id": "panel-5",
                    "widget-name": "Bottom Panel",
                    "is-widget-container": "true",
                    "position": "bottom"
                  },
                  "name": "twx-overlay-container",
                  "children": [
                    {
                      "name": "twx-container-content"
                    }
                  ]
                }
              ]
            }
          ]
        }
      ]
    },
    {
      "name": "twx-fragment-parameters"
    },
    {
      "name": "twx-view-data"
    }
  ],
  "name": "twx-view"
}
