{
  "attributes": {
    "twx-widget": "",
    "widget-id": "view-1",
    "widget-name": "view-1",
    "is-widget-container": "true",
    "viewtype": "mobile-2D"
  },
  "children": [
    {
      "name": "twx-container-content",
      "children": [
        {
          "attributes": {
            "twx-widget": "",
            "widget-id": "textInput-1",
            "widget-name": "textInput-1",
            "change-expression": "startLogging();",
            "textalign": "center",
            "placeholder": "Please enter your name"
          },
          "name": "twx-text-input",
          "children": [
            {
              "attributes": {
                "eventbind-id": "eb-1622850182138",
                "source-type": "widget",
                "source-label": "Text Input",
                "source-name": "textInput-1",
                "source-event": "change",
                "handler-namespace": "app",
                "handler-name": "fn",
                "handler-service": "navigate",
                "handler-path": "app-fn-navigate"
              },
              "name": "twx-eventbind",
              "children": [
                {
                  "attributes": {
                    "name": "viewname",
                    "value": "Home"
                  },
                  "name": "twx-event-data"
                }
              ]
            }
          ]
        }
      ]
    },
    {
      "name": "twx-fragment-parameters"
    },
    {
      "name": "twx-view-data"
    }
  ],
  "name": "twx-view"
}
