{
  "name": "",
  "version": "1.0.0",
  "requires": [
    "w320dp",
    "spatial-tracking"
  ],
  "experiences": [
    {
      "vumark": "4271:30",
      "experienceType": "vumark",
      "id": 1,
      "index-keys": [
        "urn:vuforia:vumark:4271:30"
      ],
      "title": {
        "en": "Basic Model Manipulation Demo"
      },
      "description": {
        "en": "This experience uses gaze tracking at a basic level by working with the user's coordinates and gaze vector alone.",
        "en-US": "This experience uses gaze tracking at a basic level by working with the user's coordinates and gaze vector alone."
      },
      "requires": [
        "AR-tracking"
      ],
      "tags": [],
      "icon": "",
      "viewName": "Home",
      "url-template": "index.html?expId=1&vumark={{vuforia:vumark}}",
      "entryPoint": "index.html?expId=1",
      "thumbnail": "public/Uploaded/GT Phase 1 Thumbnail.PNG",
      "thingTemplateName": ""
    }
  ],
  "widgetsUsage": [
    {
      "timestamp": "2021-07-03T02:11:46.077Z",
      "action": "PUBLISH",
      "usage": {
        "twx-view": 1,
        "twx-dt-view": 1,
        "twx-dt-model": 1,
        "twx-dt-target-spatial": 1,
        "twx-overlay": 1,
        "twx-overlay-container": 5,
        "twx-overlay-body": 1,
        "twx-gridlayout": 2,
        "twx-row": 2,
        "twx-col": 2,
        "twx-label": 12
      }
    },
    {
      "timestamp": "2021-07-03T02:13:29.061Z",
      "action": "PUBLISH",
      "usage": {
        "twx-view": 1,
        "twx-dt-view": 1,
        "twx-dt-model": 1,
        "twx-dt-target-spatial": 1,
        "twx-overlay": 1,
        "twx-overlay-container": 5,
        "twx-overlay-body": 1,
        "twx-gridlayout": 2,
        "twx-row": 2,
        "twx-col": 2,
        "twx-label": 12
      }
    },
    {
      "timestamp": "2021-07-03T02:14:49.351Z",
      "action": "PUBLISH",
      "usage": {
        "twx-view": 1,
        "twx-dt-view": 1,
        "twx-dt-model": 1,
        "twx-dt-target-spatial": 1,
        "twx-overlay": 1,
        "twx-overlay-container": 5,
        "twx-overlay-body": 1,
        "twx-gridlayout": 2,
        "twx-row": 2,
        "twx-col": 2,
        "twx-label": 12
      }
    },
    {
      "timestamp": "2021-07-03T02:24:37.348Z",
      "action": "PUBLISH",
      "usage": {
        "twx-view": 1,
        "twx-dt-view": 1,
        "twx-dt-model": 1,
        "twx-dt-target-spatial": 1,
        "twx-overlay": 1,
        "twx-overlay-container": 5,
        "twx-overlay-body": 1,
        "twx-gridlayout": 2,
        "twx-row": 2,
        "twx-col": 2,
        "twx-label": 12
      }
    },
    {
      "timestamp": "2021-07-03T02:26:48.851Z",
      "action": "PUBLISH",
      "usage": {
        "twx-view": 1,
        "twx-dt-view": 1,
        "twx-dt-model": 1,
        "twx-dt-target-spatial": 1,
        "twx-overlay": 1,
        "twx-overlay-container": 5,
        "twx-overlay-body": 1,
        "twx-gridlayout": 2,
        "twx-row": 2,
        "twx-col": 2,
        "twx-label": 12
      }
    },
    {
      "timestamp": "2021-07-03T02:38:29.563Z",
      "action": "PUBLISH",
      "usage": {
        "twx-view": 1,
        "twx-dt-view": 1,
        "twx-dt-model": 1,
        "twx-dt-target-spatial": 1,
        "twx-overlay": 1,
        "twx-overlay-container": 5,
        "twx-overlay-body": 1,
        "twx-gridlayout": 2,
        "twx-row": 2,
        "twx-col": 2,
        "twx-label": 12
      }
    },
    {
      "timestamp": "2021-07-03T02:39:10.149Z",
      "action": "PUBLISH",
      "usage": {
        "twx-view": 1,
        "twx-dt-view": 1,
        "twx-dt-model": 1,
        "twx-dt-target-spatial": 1,
        "twx-overlay": 1,
        "twx-overlay-container": 5,
        "twx-overlay-body": 1,
        "twx-gridlayout": 2,
        "twx-row": 2,
        "twx-col": 2,
        "twx-label": 12
      }
    },
    {
      "timestamp": "2021-07-03T02:39:48.515Z",
      "action": "PUBLISH",
      "usage": {
        "twx-view": 1,
        "twx-dt-view": 1,
        "twx-dt-model": 1,
        "twx-dt-target-spatial": 1,
        "twx-overlay": 1,
        "twx-overlay-container": 5,
        "twx-overlay-body": 1,
        "twx-gridlayout": 2,
        "twx-row": 2,
        "twx-col": 2,
        "twx-label": 12
      }
    },
    {
      "timestamp": "2021-07-03T05:33:57.325Z",
      "action": "PUBLISH",
      "usage": {
        "twx-view": 1,
        "twx-dt-view": 1,
        "twx-dt-model": 1,
        "twx-dt-target-spatial": 1,
        "twx-overlay": 1,
        "twx-overlay-container": 5,
        "twx-overlay-body": 1,
        "twx-gridlayout": 2,
        "twx-row": 2,
        "twx-col": 2,
        "twx-label": 12
      }
    },
    {
      "timestamp": "2021-07-03T06:19:54.409Z",
      "action": "PUBLISH",
      "usage": {
        "twx-view": 1,
        "twx-dt-view": 1,
        "twx-dt-model": 1,
        "twx-dt-target-spatial": 1,
        "twx-overlay": 1,
        "twx-overlay-container": 5,
        "twx-overlay-body": 1,
        "twx-gridlayout": 2,
        "twx-row": 2,
        "twx-col": 2,
        "twx-label": 12
      }
    },
    {
      "timestamp": "2021-07-03T06:20:03.535Z",
      "action": "PUBLISH",
      "usage": {
        "twx-view": 1,
        "twx-dt-view": 1,
        "twx-dt-model": 1,
        "twx-dt-target-spatial": 1,
        "twx-overlay": 1,
        "twx-overlay-container": 5,
        "twx-overlay-body": 1,
        "twx-gridlayout": 2,
        "twx-row": 2,
        "twx-col": 2,
        "twx-label": 12
      }
    },
    {
      "timestamp": "2021-07-03T06:21:48.562Z",
      "action": "PUBLISH",
      "usage": {
        "twx-view": 1,
        "twx-dt-view": 1,
        "twx-dt-model": 1,
        "twx-dt-target-spatial": 1,
        "twx-overlay": 1,
        "twx-overlay-container": 5,
        "twx-overlay-body": 1,
        "twx-gridlayout": 2,
        "twx-row": 2,
        "twx-col": 2,
        "twx-label": 12
      }
    },
    {
      "timestamp": "2021-07-04T17:09:02.365Z",
      "action": "PUBLISH",
      "usage": {
        "twx-view": 1,
        "twx-dt-view": 1,
        "twx-dt-model": 1,
        "twx-dt-target-spatial": 1,
        "twx-overlay": 1,
        "twx-overlay-container": 5,
        "twx-overlay-body": 1,
        "twx-gridlayout": 2,
        "twx-row": 2,
        "twx-col": 2,
        "twx-label": 12
      }
    },
    {
      "timestamp": "2021-07-04T23:41:39.221Z",
      "action": "PUBLISH",
      "usage": {
        "twx-view": 1,
        "twx-dt-view": 1,
        "twx-dt-model": 1,
        "twx-dt-target-spatial": 1,
        "twx-overlay": 1,
        "twx-overlay-container": 5,
        "twx-overlay-body": 1,
        "twx-gridlayout": 2,
        "twx-row": 2,
        "twx-col": 2,
        "twx-label": 12
      }
    }
  ],
  "accessType": "public",
  "designedfor": []
}
