{
  "attributes": {
    "twx-widget": "",
    "widget-id": "view-1",
    "widget-name": "view-1",
    "is-widget-container": "true",
    "viewtype": "ar"
  },
  "children": [
    {
      "name": "twx-container-content",
      "children": [
        {
          "attributes": {
            "twx-widget": "",
            "widget-id": "3DContainer-1",
            "widget-name": "3D Container",
            "is-widget-container": "true",
            "enabletrackingevents": "true",
            "dropshadow": "true"
          },
          "name": "twx-dt-view",
          "children": [
            {
              "name": "twx-container-content",
              "children": [
                {
                  "attributes": {
                    "twx-widget": "",
                    "widget-id": "3DLabel-1",
                    "state-format-value": "text",
                    "font-outline-color": "transparent",
                    "widget-name": "3DLabel-1",
                    "text": "Label",
                    "class": "simple-label",
                    "y": "0.05",
                    "rx": "0"
                  },
                  "name": "twx-dt-label",
                  "children": [
                    {
                      "attributes": {
                        "databind-id": "db-1625453472358",
                        "source-type": "data",
                        "source-name": "row1height",
                        "source-item-type": "value",
                        "source-item-name": "row1height",
                        "binding-type": "custom_field",
                        "from-expression": "app.params['row1height']",
                        "to-property": "y"
                      },
                      "name": "twx-databind"
                    },
                    {
                      "attributes": {
                        "databind-id": "db-1625528770411",
                        "source-type": "data",
                        "source-name": "horizontalSpacing",
                        "source-item-type": "value",
                        "source-item-name": "horizontalSpacing",
                        "binding-type": "custom_field",
                        "from-expression": "app.params['horizontalSpacing']",
                        "to-property": "x"
                      },
                      "name": "twx-databind",
                      "children": [
                        {
                          "attributes": {
                            "filter-id": "df-1625528975759",
                            "filter-name": "Xpos",
                            "filter-body": "return -value"
                          },
                          "name": "twx-data-filter"
                        }
                      ]
                    },
                    {
                      "attributes": {
                        "databind-id": "db-1625633610847",
                        "source-type": "data",
                        "source-name": "labelText",
                        "source-item-type": "value",
                        "source-item-name": "labelText",
                        "binding-type": "custom_field",
                        "from-expression": "app.params['labelText']",
                        "to-property": "text"
                      },
                      "name": "twx-databind"
                    },
                    {
                      "attributes": {
                        "databind-id": "db-1626467825460",
                        "source-type": "data",
                        "source-name": "labelScale",
                        "source-item-type": "value",
                        "source-item-name": "labelScale",
                        "binding-type": "custom_field",
                        "from-expression": "app.params['labelScale']",
                        "to-property": "scale"
                      },
                      "name": "twx-databind"
                    }
                  ]
                },
                {
                  "attributes": {
                    "twx-widget": "",
                    "widget-id": "3DLabel-2",
                    "state-format-value": "text",
                    "font-outline-color": "transparent",
                    "widget-name": "3DLabel-2",
                    "text": "",
                    "class": "simple-label",
                    "y": "0.05",
                    "rx": "0"
                  },
                  "name": "twx-dt-label",
                  "children": [
                    {
                      "attributes": {
                        "databind-id": "db-1625453478766",
                        "source-type": "data",
                        "source-name": "row1height",
                        "source-item-type": "value",
                        "source-item-name": "row1height",
                        "binding-type": "custom_field",
                        "from-expression": "app.params['row1height']",
                        "to-property": "y"
                      },
                      "name": "twx-databind"
                    },
                    {
                      "attributes": {
                        "databind-id": "db-1625633614779",
                        "source-type": "data",
                        "source-name": "labelText",
                        "source-item-type": "value",
                        "source-item-name": "labelText",
                        "binding-type": "custom_field",
                        "from-expression": "app.params['labelText']",
                        "to-property": "text"
                      },
                      "name": "twx-databind"
                    },
                    {
                      "attributes": {
                        "databind-id": "db-1626467829709",
                        "source-type": "data",
                        "source-name": "labelScale",
                        "source-item-type": "value",
                        "source-item-name": "labelScale",
                        "binding-type": "custom_field",
                        "from-expression": "app.params['labelScale']",
                        "to-property": "scale"
                      },
                      "name": "twx-databind"
                    }
                  ]
                },
                {
                  "attributes": {
                    "twx-widget": "",
                    "widget-id": "3DLabel-3",
                    "state-format-value": "text",
                    "font-outline-color": "transparent",
                    "widget-name": "3DLabel-3",
                    "text": "",
                    "class": "simple-label",
                    "y": "0.05",
                    "rx": "0"
                  },
                  "name": "twx-dt-label",
                  "children": [
                    {
                      "attributes": {
                        "databind-id": "db-1625453482883",
                        "source-type": "data",
                        "source-name": "row1height",
                        "source-item-type": "value",
                        "source-item-name": "row1height",
                        "binding-type": "custom_field",
                        "from-expression": "app.params['row1height']",
                        "to-property": "y"
                      },
                      "name": "twx-databind"
                    },
                    {
                      "attributes": {
                        "databind-id": "db-1625528776299",
                        "source-type": "data",
                        "source-name": "horizontalSpacing",
                        "source-item-type": "value",
                        "source-item-name": "horizontalSpacing",
                        "binding-type": "custom_field",
                        "from-expression": "app.params['horizontalSpacing']",
                        "to-property": "x"
                      },
                      "name": "twx-databind"
                    },
                    {
                      "attributes": {
                        "databind-id": "db-1625633620779",
                        "source-type": "data",
                        "source-name": "labelText",
                        "source-item-type": "value",
                        "source-item-name": "labelText",
                        "binding-type": "custom_field",
                        "from-expression": "app.params['labelText']",
                        "to-property": "text"
                      },
                      "name": "twx-databind"
                    },
                    {
                      "attributes": {
                        "databind-id": "db-1626467838404",
                        "source-type": "data",
                        "source-name": "labelScale",
                        "source-item-type": "value",
                        "source-item-name": "labelScale",
                        "binding-type": "custom_field",
                        "from-expression": "app.params['labelScale']",
                        "to-property": "scale"
                      },
                      "name": "twx-databind"
                    }
                  ]
                },
                {
                  "attributes": {
                    "twx-widget": "",
                    "widget-id": "3DLabel-4",
                    "state-format-value": "text",
                    "font-outline-color": "transparent",
                    "widget-name": "3DLabel-4",
                    "text": "",
                    "class": "simple-label",
                    "y": "0.05",
                    "rx": "0"
                  },
                  "name": "twx-dt-label",
                  "children": [
                    {
                      "attributes": {
                        "databind-id": "db-1625453489247",
                        "source-type": "data",
                        "source-name": "row2height",
                        "source-item-type": "value",
                        "source-item-name": "row2height",
                        "binding-type": "custom_field",
                        "from-expression": "app.params['row2height']",
                        "to-property": "y"
                      },
                      "name": "twx-databind"
                    },
                    {
                      "attributes": {
                        "databind-id": "db-1625528781098",
                        "source-type": "data",
                        "source-name": "horizontalSpacing",
                        "source-item-type": "value",
                        "source-item-name": "horizontalSpacing",
                        "binding-type": "custom_field",
                        "from-expression": "app.params['horizontalSpacing']",
                        "to-property": "x"
                      },
                      "name": "twx-databind",
                      "children": [
                        {
                          "attributes": {
                            "filter-id": "df-1625529039751",
                            "filter-name": "Xpos",
                            "filter-body": "return value*-1.5"
                          },
                          "name": "twx-data-filter"
                        }
                      ]
                    },
                    {
                      "attributes": {
                        "databind-id": "db-1625633625202",
                        "source-type": "data",
                        "source-name": "labelText",
                        "source-item-type": "value",
                        "source-item-name": "labelText",
                        "binding-type": "custom_field",
                        "from-expression": "app.params['labelText']",
                        "to-property": "text"
                      },
                      "name": "twx-databind"
                    },
                    {
                      "attributes": {
                        "databind-id": "db-1626467834293",
                        "source-type": "data",
                        "source-name": "labelScale",
                        "source-item-type": "value",
                        "source-item-name": "labelScale",
                        "binding-type": "custom_field",
                        "from-expression": "app.params['labelScale']",
                        "to-property": "scale"
                      },
                      "name": "twx-databind"
                    }
                  ]
                },
                {
                  "attributes": {
                    "twx-widget": "",
                    "widget-id": "3DLabel-5",
                    "state-format-value": "text",
                    "font-outline-color": "transparent",
                    "widget-name": "3DLabel-5",
                    "text": "",
                    "class": "simple-label",
                    "y": "0.05",
                    "rx": "0"
                  },
                  "name": "twx-dt-label",
                  "children": [
                    {
                      "attributes": {
                        "databind-id": "db-1625453497538",
                        "source-type": "data",
                        "source-name": "row2height",
                        "source-item-type": "value",
                        "source-item-name": "row2height",
                        "binding-type": "custom_field",
                        "from-expression": "app.params['row2height']",
                        "to-property": "y"
                      },
                      "name": "twx-databind"
                    },
                    {
                      "attributes": {
                        "databind-id": "db-1625528788210",
                        "source-type": "data",
                        "source-name": "horizontalSpacing",
                        "source-item-type": "value",
                        "source-item-name": "horizontalSpacing",
                        "binding-type": "custom_field",
                        "from-expression": "app.params['horizontalSpacing']",
                        "to-property": "x"
                      },
                      "name": "twx-databind",
                      "children": [
                        {
                          "attributes": {
                            "filter-id": "df-1625529094554",
                            "filter-name": "Xpos",
                            "filter-body": "return value*-0.5"
                          },
                          "name": "twx-data-filter"
                        }
                      ]
                    },
                    {
                      "attributes": {
                        "databind-id": "db-1625633629418",
                        "source-type": "data",
                        "source-name": "labelText",
                        "source-item-type": "value",
                        "source-item-name": "labelText",
                        "binding-type": "custom_field",
                        "from-expression": "app.params['labelText']",
                        "to-property": "text"
                      },
                      "name": "twx-databind"
                    },
                    {
                      "attributes": {
                        "databind-id": "db-1626467851321",
                        "source-type": "data",
                        "source-name": "labelScale",
                        "source-item-type": "value",
                        "source-item-name": "labelScale",
                        "binding-type": "custom_field",
                        "from-expression": "app.params['labelScale']",
                        "to-property": "scale"
                      },
                      "name": "twx-databind"
                    }
                  ]
                },
                {
                  "attributes": {
                    "twx-widget": "",
                    "widget-id": "3DLabel-6",
                    "state-format-value": "text",
                    "font-outline-color": "transparent",
                    "widget-name": "3DLabel-6",
                    "text": "",
                    "class": "simple-label",
                    "y": "0.05",
                    "rx": "0"
                  },
                  "name": "twx-dt-label",
                  "children": [
                    {
                      "attributes": {
                        "databind-id": "db-1625453503428",
                        "source-type": "data",
                        "source-name": "row2height",
                        "source-item-type": "value",
                        "source-item-name": "row2height",
                        "binding-type": "custom_field",
                        "from-expression": "app.params['row2height']",
                        "to-property": "y"
                      },
                      "name": "twx-databind"
                    },
                    {
                      "attributes": {
                        "databind-id": "db-1625528793373",
                        "source-type": "data",
                        "source-name": "horizontalSpacing",
                        "source-item-type": "value",
                        "source-item-name": "horizontalSpacing",
                        "binding-type": "custom_field",
                        "from-expression": "app.params['horizontalSpacing']",
                        "to-property": "x"
                      },
                      "name": "twx-databind",
                      "children": [
                        {
                          "attributes": {
                            "filter-id": "df-1625529144682",
                            "filter-name": "Xpos",
                            "filter-body": "return value*0.5"
                          },
                          "name": "twx-data-filter"
                        }
                      ]
                    },
                    {
                      "attributes": {
                        "databind-id": "db-1625633633327",
                        "source-type": "data",
                        "source-name": "labelText",
                        "source-item-type": "value",
                        "source-item-name": "labelText",
                        "binding-type": "custom_field",
                        "from-expression": "app.params['labelText']",
                        "to-property": "text"
                      },
                      "name": "twx-databind"
                    },
                    {
                      "attributes": {
                        "databind-id": "db-1626467866900",
                        "source-type": "data",
                        "source-name": "labelScale",
                        "source-item-type": "value",
                        "source-item-name": "labelScale",
                        "binding-type": "custom_field",
                        "from-expression": "app.params['labelScale']",
                        "to-property": "scale"
                      },
                      "name": "twx-databind"
                    }
                  ]
                },
                {
                  "attributes": {
                    "twx-widget": "",
                    "widget-id": "3DLabel-7",
                    "state-format-value": "text",
                    "font-outline-color": "transparent",
                    "widget-name": "3DLabel-7",
                    "text": "",
                    "class": "simple-label",
                    "y": "0.05",
                    "rx": "0"
                  },
                  "name": "twx-dt-label",
                  "children": [
                    {
                      "attributes": {
                        "databind-id": "db-1625453507327",
                        "source-type": "data",
                        "source-name": "row2height",
                        "source-item-type": "value",
                        "source-item-name": "row2height",
                        "binding-type": "custom_field",
                        "from-expression": "app.params['row2height']",
                        "to-property": "y"
                      },
                      "name": "twx-databind"
                    },
                    {
                      "attributes": {
                        "databind-id": "db-1625528798124",
                        "source-type": "data",
                        "source-name": "horizontalSpacing",
                        "source-item-type": "value",
                        "source-item-name": "horizontalSpacing",
                        "binding-type": "custom_field",
                        "from-expression": "app.params['horizontalSpacing']",
                        "to-property": "x"
                      },
                      "name": "twx-databind",
                      "children": [
                        {
                          "attributes": {
                            "filter-id": "df-1625529155031",
                            "filter-name": "Xpos",
                            "filter-body": "return value*1.5"
                          },
                          "name": "twx-data-filter"
                        }
                      ]
                    },
                    {
                      "attributes": {
                        "databind-id": "db-1625633637665",
                        "source-type": "data",
                        "source-name": "labelText",
                        "source-item-type": "value",
                        "source-item-name": "labelText",
                        "binding-type": "custom_field",
                        "from-expression": "app.params['labelText']",
                        "to-property": "text"
                      },
                      "name": "twx-databind"
                    },
                    {
                      "attributes": {
                        "databind-id": "db-1626467872164",
                        "source-type": "data",
                        "source-name": "labelScale",
                        "source-item-type": "value",
                        "source-item-name": "labelScale",
                        "binding-type": "custom_field",
                        "from-expression": "app.params['labelScale']",
                        "to-property": "scale"
                      },
                      "name": "twx-databind"
                    }
                  ]
                },
                {
                  "attributes": {
                    "twx-widget": "",
                    "widget-id": "3DLabel-8",
                    "state-format-value": "text",
                    "font-outline-color": "transparent",
                    "widget-name": "3DLabel-8",
                    "text": "",
                    "class": "simple-label",
                    "y": "0.05",
                    "rx": "0"
                  },
                  "name": "twx-dt-label",
                  "children": [
                    {
                      "attributes": {
                        "databind-id": "db-1625453511504",
                        "source-type": "data",
                        "source-name": "row3height",
                        "source-item-type": "value",
                        "source-item-name": "row3height",
                        "binding-type": "custom_field",
                        "from-expression": "app.params['row3height']",
                        "to-property": "y"
                      },
                      "name": "twx-databind"
                    },
                    {
                      "attributes": {
                        "databind-id": "db-1625528804479",
                        "source-type": "data",
                        "source-name": "horizontalSpacing",
                        "source-item-type": "value",
                        "source-item-name": "horizontalSpacing",
                        "binding-type": "custom_field",
                        "from-expression": "app.params['horizontalSpacing']",
                        "to-property": "x"
                      },
                      "name": "twx-databind",
                      "children": [
                        {
                          "attributes": {
                            "filter-id": "df-1625529171067",
                            "filter-name": "Xpos",
                            "filter-body": "return -value"
                          },
                          "name": "twx-data-filter"
                        }
                      ]
                    },
                    {
                      "attributes": {
                        "databind-id": "db-1625633646524",
                        "source-type": "data",
                        "source-name": "labelText",
                        "source-item-type": "value",
                        "source-item-name": "labelText",
                        "binding-type": "custom_field",
                        "from-expression": "app.params['labelText']",
                        "to-property": "text"
                      },
                      "name": "twx-databind"
                    },
                    {
                      "attributes": {
                        "databind-id": "db-1626467877029",
                        "source-type": "data",
                        "source-name": "labelScale",
                        "source-item-type": "value",
                        "source-item-name": "labelScale",
                        "binding-type": "custom_field",
                        "from-expression": "app.params['labelScale']",
                        "to-property": "scale"
                      },
                      "name": "twx-databind"
                    }
                  ]
                },
                {
                  "attributes": {
                    "twx-widget": "",
                    "widget-id": "3DLabel-9",
                    "state-format-value": "text",
                    "font-outline-color": "transparent",
                    "widget-name": "3DLabel-9",
                    "text": "",
                    "class": "simple-label",
                    "y": "0.05",
                    "rx": "0"
                  },
                  "name": "twx-dt-label",
                  "children": [
                    {
                      "attributes": {
                        "databind-id": "db-1625453515733",
                        "source-type": "data",
                        "source-name": "row3height",
                        "source-item-type": "value",
                        "source-item-name": "row3height",
                        "binding-type": "custom_field",
                        "from-expression": "app.params['row3height']",
                        "to-property": "y"
                      },
                      "name": "twx-databind"
                    },
                    {
                      "attributes": {
                        "databind-id": "db-1625633649965",
                        "source-type": "data",
                        "source-name": "labelText",
                        "source-item-type": "value",
                        "source-item-name": "labelText",
                        "binding-type": "custom_field",
                        "from-expression": "app.params['labelText']",
                        "to-property": "text"
                      },
                      "name": "twx-databind"
                    },
                    {
                      "attributes": {
                        "databind-id": "db-1626467882896",
                        "source-type": "data",
                        "source-name": "labelScale",
                        "source-item-type": "value",
                        "source-item-name": "labelScale",
                        "binding-type": "custom_field",
                        "from-expression": "app.params['labelScale']",
                        "to-property": "scale"
                      },
                      "name": "twx-databind"
                    }
                  ]
                },
                {
                  "attributes": {
                    "twx-widget": "",
                    "widget-id": "3DLabel-10",
                    "state-format-value": "text",
                    "font-outline-color": "transparent",
                    "widget-name": "3DLabel-10",
                    "text": "",
                    "class": "simple-label",
                    "y": "0.05",
                    "rx": "0"
                  },
                  "name": "twx-dt-label",
                  "children": [
                    {
                      "attributes": {
                        "databind-id": "db-1625453519658",
                        "source-type": "data",
                        "source-name": "row3height",
                        "source-item-type": "value",
                        "source-item-name": "row3height",
                        "binding-type": "custom_field",
                        "from-expression": "app.params['row3height']",
                        "to-property": "y"
                      },
                      "name": "twx-databind"
                    },
                    {
                      "attributes": {
                        "databind-id": "db-1625528810267",
                        "source-type": "data",
                        "source-name": "horizontalSpacing",
                        "source-item-type": "value",
                        "source-item-name": "horizontalSpacing",
                        "binding-type": "custom_field",
                        "from-expression": "app.params['horizontalSpacing']",
                        "to-property": "x"
                      },
                      "name": "twx-databind"
                    },
                    {
                      "attributes": {
                        "databind-id": "db-1625633653630",
                        "source-type": "data",
                        "source-name": "labelText",
                        "source-item-type": "value",
                        "source-item-name": "labelText",
                        "binding-type": "custom_field",
                        "from-expression": "app.params['labelText']",
                        "to-property": "text"
                      },
                      "name": "twx-databind"
                    },
                    {
                      "attributes": {
                        "databind-id": "db-1626467886759",
                        "source-type": "data",
                        "source-name": "labelScale",
                        "source-item-type": "value",
                        "source-item-name": "labelScale",
                        "binding-type": "custom_field",
                        "from-expression": "app.params['labelScale']",
                        "to-property": "scale"
                      },
                      "name": "twx-databind"
                    }
                  ]
                },
                {
                  "attributes": {
                    "twx-widget": "",
                    "widget-id": "spatialTarget-1",
                    "widget-name": "spatialTarget-1",
                    "rx": "-90"
                  },
                  "name": "twx-dt-target-spatial"
                }
              ]
            }
          ]
        },
        {
          "attributes": {
            "twx-widget": "",
            "widget-id": "2DOverlay-1",
            "widget-name": "2D Overlay",
            "is-widget-container": "true"
          },
          "name": "twx-overlay",
          "children": [
            {
              "name": "twx-container-content",
              "children": [
                {
                  "attributes": {
                    "twx-widget": "",
                    "widget-id": "panel-1",
                    "widget-name": "Top Panel",
                    "is-widget-container": "true",
                    "position": "top"
                  },
                  "name": "twx-overlay-container",
                  "children": [
                    {
                      "name": "twx-container-content"
                    }
                  ]
                },
                {
                  "attributes": {
                    "twx-widget": "",
                    "widget-id": "2DOverlayBody-1",
                    "widget-name": "2D Body",
                    "is-widget-container": "true"
                  },
                  "name": "twx-overlay-body",
                  "children": [
                    {
                      "name": "twx-container-content",
                      "children": [
                        {
                          "attributes": {
                            "twx-widget": "",
                            "widget-id": "panel-2",
                            "widget-name": "Left Panel",
                            "is-widget-container": "true",
                            "position": "left",
                            "width": "100px"
                          },
                          "name": "twx-overlay-container",
                          "children": [
                            {
                              "name": "twx-container-content"
                            }
                          ]
                        },
                        {
                          "attributes": {
                            "twx-widget": "",
                            "widget-id": "panel-3",
                            "widget-name": "Center Panel",
                            "is-widget-container": "true",
                            "position": "center"
                          },
                          "name": "twx-overlay-container",
                          "children": [
                            {
                              "name": "twx-container-content"
                            }
                          ]
                        },
                        {
                          "attributes": {
                            "twx-widget": "",
                            "widget-id": "panel-4",
                            "widget-name": "Right Panel",
                            "is-widget-container": "true",
                            "position": "right",
                            "width": "100px"
                          },
                          "name": "twx-overlay-container",
                          "children": [
                            {
                              "name": "twx-container-content"
                            }
                          ]
                        }
                      ]
                    }
                  ]
                },
                {
                  "attributes": {
                    "twx-widget": "",
                    "widget-id": "panel-5",
                    "widget-name": "Bottom Panel",
                    "is-widget-container": "true",
                    "position": "bottom"
                  },
                  "name": "twx-overlay-container",
                  "children": [
                    {
                      "name": "twx-container-content"
                    }
                  ]
                }
              ]
            }
          ]
        }
      ]
    },
    {
      "name": "twx-fragment-parameters"
    },
    {
      "name": "twx-view-data"
    }
  ],
  "name": "twx-view"
}
