{
  "name": "Logging User Gaze Coordinates Demo",
  "projectType": "AR",
  "viewType": "ar",
  "fileName": "Logging_User_Gaze_Coordinates_Demo",
  "thingworxServer": "https://pp-2101111403aw.portal.ptc.io",
  "viewTemplateFileName": "home-ar.json",
  "state": {
    "orientation": "portrait"
  },
  "targets": {
    "phone": {
      "components": [
        {
          "name": "Home",
          "fileName": "Home",
          "showInMainMenu": true,
          "viewType": "ar",
          "title": "Home"
        }
      ],
      "images": []
    },
    "shared": {
      "components": [
        {
          "name": "Data",
          "fileName": "Data"
        }
      ],
      "images": [],
      "fragments": [],
      "styles": [
        {
          "name": "App",
          "fileName": "App",
          "fileExt": "scss"
        }
      ]
    }
  },
  "device": {
    "name": "iphone",
    "width": "375",
    "height": "667"
  },
  "mainNavigationMenuStyle": "noMenu",
  "resourceDirectory": "src/phone/resources",
  "resourceRuntimeDir": "app/resources",
  "fontRuntimeDir": "../fonts",
  "fontDesigntimeDir": "../dist/fonts",
  "theme": "twx-light",
  "version": "1.55.2024",
  "designedForOffline": true,
  "description": "Monitor how users look throughout an AR experience by logging their gaze in a TWX data table!",
  "thumbnail": "Uploaded/Logging Gaze 3D Coordinates Thumbnail.PNG"
}
