{
  "attributes": {
    "namespace": "app.mdl"
  },
  "children": [
    {
      "attributes": {
        "name": "JF_BoardOfColorfulLabels_DT",
        "twx-entity-type": "Things",
        "twx-entity-name": "JF_BoardOfColorfulLabels_DT"
      },
      "name": "twx-model",
      "children": [
        {
          "attributes": {
            "name": "getTimers",
            "id": "getTimers"
          },
          "name": "twx-model-service",
          "children": [
            {
              "attributes": {
                "name": "object1",
                "value": "[1,2,3]"
              },
              "name": "twx-service-parameter-value"
            }
          ]
        }
      ]
    },
    {
      "attributes": {
        "id": "vumark",
        "isbound": "false",
        "isdeletable": "false",
        "name": "ThingMark",
        "value": ""
      },
      "name": "twx-app-param"
    },
    {
      "attributes": {
        "id": "template",
        "isbound": "false",
        "isdeletable": "false",
        "name": "Thing Template",
        "value": ""
      },
      "name": "twx-app-param"
    },
    {
      "attributes": {
        "id": "thing",
        "isbound": "false",
        "isdeletable": "false",
        "name": "Thing",
        "value": ""
      },
      "name": "twx-app-param"
    },
    {
      "attributes": {
        "id": "row1height",
        "isbound": "false",
        "isdeletable": "true",
        "name": "row1height",
        "value": "1.8"
      },
      "name": "twx-app-param"
    },
    {
      "attributes": {
        "id": "row2height",
        "isbound": "false",
        "isdeletable": "true",
        "name": "row2height",
        "value": "1.4"
      },
      "name": "twx-app-param"
    },
    {
      "attributes": {
        "id": "row3height",
        "isbound": "false",
        "isdeletable": "true",
        "name": "row3height",
        "value": "1"
      },
      "name": "twx-app-param"
    },
    {
      "attributes": {
        "id": "horizontalSpacing",
        "isbound": "false",
        "isdeletable": "true",
        "name": "horizontalSpacing",
        "value": ".5"
      },
      "name": "twx-app-param"
    },
    {
      "attributes": {
        "id": "labelText",
        "isbound": "false",
        "isdeletable": "true",
        "name": "labelText",
        "value": "Warning"
      },
      "name": "twx-app-param"
    },
    {
      "attributes": {
        "id": "labelScale",
        "isbound": "false",
        "isdeletable": "true",
        "name": "labelScale",
        "value": "1"
      },
      "name": "twx-app-param"
    }
  ],
  "name": "twx-app-mdl"
}
