{
  "name": "",
  "version": "1.0.0",
  "requires": [
    "w320dp",
    "spatial-tracking"
  ],
  "experiences": [
    {
      "vumark": "4271:30",
      "experienceType": "vumark",
      "id": 1,
      "index-keys": [
        "urn:vuforia:vumark:4271:30"
      ],
      "title": {
        "en": "Board of Colorful Labels"
      },
      "description": {
        "en": "",
        "en-US": ""
      },
      "requires": [
        "AR-tracking"
      ],
      "tags": [],
      "icon": "",
      "viewName": "Home",
      "url-template": "index.html?expId=1&vumark={{vuforia:vumark}}",
      "entryPoint": "index.html?expId=1",
      "thumbnail": "public/Uploaded/Board of Colored Labels Thumbnail.PNG",
      "thingTemplateName": ""
    }
  ],
  "widgetsUsage": [
    {
      "timestamp": "2021-07-07T01:05:29.271Z",
      "action": "PUBLISH",
      "usage": {
        "twx-view": 1,
        "twx-dt-view": 1,
        "twx-dt-label": 10,
        "twx-dt-target-spatial": 1,
        "twx-overlay": 1,
        "twx-overlay-container": 5,
        "twx-label": 1,
        "twx-overlay-body": 1
      }
    },
    {
      "timestamp": "2021-07-07T01:06:34.312Z",
      "action": "PUBLISH",
      "usage": {
        "twx-view": 1,
        "twx-dt-view": 1,
        "twx-dt-label": 10,
        "twx-dt-target-spatial": 1,
        "twx-overlay": 1,
        "twx-overlay-container": 5,
        "twx-label": 1,
        "twx-overlay-body": 1
      }
    },
    {
      "timestamp": "2021-07-07T01:06:58.443Z",
      "action": "PUBLISH",
      "usage": {
        "twx-view": 1,
        "twx-dt-view": 1,
        "twx-dt-label": 10,
        "twx-dt-target-spatial": 1,
        "twx-overlay": 1,
        "twx-overlay-container": 5,
        "twx-label": 1,
        "twx-overlay-body": 1
      }
    },
    {
      "timestamp": "2021-07-07T01:07:55.688Z",
      "action": "PUBLISH",
      "usage": {
        "twx-view": 1,
        "twx-dt-view": 1,
        "twx-dt-label": 10,
        "twx-dt-target-spatial": 1,
        "twx-overlay": 1,
        "twx-overlay-container": 5,
        "twx-label": 1,
        "twx-overlay-body": 1
      }
    },
    {
      "timestamp": "2021-07-07T20:06:38.879Z",
      "action": "PUBLISH",
      "usage": {
        "twx-view": 1,
        "twx-dt-view": 1,
        "twx-dt-label": 10,
        "twx-dt-target-spatial": 1,
        "twx-overlay": 1,
        "twx-overlay-container": 5,
        "twx-gridlayout": 1,
        "twx-row": 1,
        "twx-col": 1,
        "twx-label": 2,
        "twx-overlay-body": 1
      }
    },
    {
      "timestamp": "2021-07-07T20:49:58.417Z",
      "action": "PUBLISH",
      "usage": {
        "twx-view": 1,
        "twx-dt-view": 1,
        "twx-dt-label": 10,
        "twx-dt-target-spatial": 1,
        "twx-overlay": 1,
        "twx-overlay-container": 5,
        "twx-overlay-body": 1
      }
    },
    {
      "timestamp": "2021-07-07T21:34:18.184Z",
      "action": "PUBLISH",
      "usage": {
        "twx-view": 1,
        "twx-dt-view": 1,
        "twx-dt-label": 10,
        "twx-dt-target-spatial": 1,
        "twx-overlay": 1,
        "twx-overlay-container": 5,
        "twx-overlay-body": 1
      }
    },
    {
      "timestamp": "2021-07-07T21:35:04.689Z",
      "action": "PUBLISH",
      "usage": {
        "twx-view": 1,
        "twx-dt-view": 1,
        "twx-dt-label": 10,
        "twx-dt-target-spatial": 1,
        "twx-overlay": 1,
        "twx-overlay-container": 5,
        "twx-overlay-body": 1
      }
    },
    {
      "timestamp": "2021-07-08T03:41:39.081Z",
      "action": "PUBLISH",
      "usage": {
        "twx-view": 1,
        "twx-dt-view": 1,
        "twx-dt-label": 10,
        "twx-dt-target-spatial": 1,
        "twx-overlay": 1,
        "twx-overlay-container": 5,
        "twx-overlay-body": 1
      }
    },
    {
      "timestamp": "2021-07-08T23:50:43.246Z",
      "action": "PUBLISH",
      "usage": {
        "twx-view": 1,
        "twx-dt-view": 1,
        "twx-dt-label": 10,
        "twx-dt-target-spatial": 1,
        "twx-overlay": 1,
        "twx-overlay-container": 5,
        "twx-overlay-body": 1
      }
    },
    {
      "timestamp": "2021-07-08T23:51:38.862Z",
      "action": "PUBLISH",
      "usage": {
        "twx-view": 1,
        "twx-dt-view": 1,
        "twx-dt-label": 10,
        "twx-dt-target-spatial": 1,
        "twx-overlay": 1,
        "twx-overlay-container": 5,
        "twx-overlay-body": 1
      }
    },
    {
      "timestamp": "2021-07-08T23:52:45.749Z",
      "action": "PUBLISH",
      "usage": {
        "twx-view": 1,
        "twx-dt-view": 1,
        "twx-dt-label": 10,
        "twx-dt-target-spatial": 1,
        "twx-overlay": 1,
        "twx-overlay-container": 5,
        "twx-overlay-body": 1
      }
    },
    {
      "timestamp": "2021-07-09T20:33:51.293Z",
      "action": "PUBLISH",
      "usage": {
        "twx-view": 1,
        "twx-dt-view": 1,
        "twx-dt-label": 10,
        "twx-dt-target-spatial": 1,
        "twx-overlay": 1,
        "twx-overlay-container": 5,
        "twx-overlay-body": 1
      }
    },
    {
      "timestamp": "2021-07-09T20:34:35.921Z",
      "action": "PUBLISH",
      "usage": {
        "twx-view": 1,
        "twx-dt-view": 1,
        "twx-dt-label": 10,
        "twx-dt-target-spatial": 1,
        "twx-overlay": 1,
        "twx-overlay-container": 5,
        "twx-overlay-body": 1
      }
    },
    {
      "timestamp": "2021-07-09T20:39:47.568Z",
      "action": "PUBLISH",
      "usage": {
        "twx-view": 1,
        "twx-dt-view": 1,
        "twx-dt-label": 10,
        "twx-dt-target-spatial": 1,
        "twx-overlay": 1,
        "twx-overlay-container": 5,
        "twx-overlay-body": 1
      }
    },
    {
      "timestamp": "2021-07-09T20:40:22.679Z",
      "action": "PUBLISH",
      "usage": {
        "twx-view": 1,
        "twx-dt-view": 1,
        "twx-dt-label": 10,
        "twx-dt-target-spatial": 1,
        "twx-overlay": 1,
        "twx-overlay-container": 5,
        "twx-overlay-body": 1
      }
    },
    {
      "timestamp": "2021-07-09T20:40:35.075Z",
      "action": "PUBLISH",
      "usage": {
        "twx-view": 1,
        "twx-dt-view": 1,
        "twx-dt-label": 10,
        "twx-dt-target-spatial": 1,
        "twx-overlay": 1,
        "twx-overlay-container": 5,
        "twx-overlay-body": 1
      }
    },
    {
      "timestamp": "2021-07-16T20:31:56.769Z",
      "action": "PUBLISH",
      "usage": {
        "twx-view": 1,
        "twx-dt-view": 1,
        "twx-dt-label": 10,
        "twx-dt-target-spatial": 1,
        "twx-overlay": 1,
        "twx-overlay-container": 5,
        "twx-overlay-body": 1
      }
    },
    {
      "timestamp": "2021-07-16T20:38:13.829Z",
      "action": "PUBLISH",
      "usage": {
        "twx-view": 1,
        "twx-dt-view": 1,
        "twx-dt-label": 10,
        "twx-dt-target-spatial": 1,
        "twx-overlay": 1,
        "twx-overlay-container": 5,
        "twx-overlay-body": 1
      }
    },
    {
      "timestamp": "2021-07-16T20:53:16.346Z",
      "action": "PUBLISH",
      "usage": {
        "twx-view": 1,
        "twx-dt-view": 1,
        "twx-dt-label": 10,
        "twx-dt-target-spatial": 1,
        "twx-overlay": 1,
        "twx-overlay-container": 5,
        "twx-overlay-body": 1
      }
    }
  ],
  "accessType": "public",
  "designedfor": []
}
