{
  "attributes": {
    "twx-widget": "",
    "widget-id": "view-1",
    "widget-name": "view-1",
    "is-widget-container": "true",
    "viewtype": "ar"
  },
  "children": [
    {
      "name": "twx-container-content",
      "children": [
        {
          "attributes": {
            "twx-widget": "",
            "widget-id": "3DContainer-1",
            "widget-name": "3D Container",
            "is-widget-container": "true",
            "enabletrackingevents": "true",
            "dropshadow": "true"
          },
          "name": "twx-dt-view",
          "children": [
            {
              "name": "twx-container-content",
              "children": [
                {
                  "attributes": {
                    "twx-widget": "",
                    "widget-id": "model-1",
                    "widget-name": "model-1",
                    "is-widget-container": "true",
                    "src": "Uploaded/Simon Says Game.pvz",
                    "x": "0.0000743567943572998",
                    "y": "0.5"
                  },
                  "name": "twx-dt-model",
                  "children": [
                    {
                      "name": "twx-container-content",
                      "children": [
                        {
                          "attributes": {
                            "twx-widget": "",
                            "widget-id": "modelItem-1",
                            "widget-name": "Green Button",
                            "is-widget-container": "true",
                            "model": "model-1",
                            "idpath": "/25",
                            "scale": "1.0000",
                            "x": "-0.0740",
                            "y": "0.1115",
                            "z": "0.0451",
                            "rx": "60.00",
                            "ry": "0.00",
                            "rz": "0.00"
                          },
                          "name": "twx-dt-modelitem",
                          "children": [
                            {
                              "name": "twx-container-content"
                            }
                          ]
                        },
                        {
                          "attributes": {
                            "twx-widget": "",
                            "widget-id": "modelItem-2",
                            "widget-name": "Red Button",
                            "click-expression": "clickButton(2);",
                            "is-widget-container": "true",
                            "model": "model-1",
                            "idpath": "/30",
                            "scale": "1.0000",
                            "x": "0.0740",
                            "y": "0.1115",
                            "z": "0.0451",
                            "rx": "60.00",
                            "ry": "0.00",
                            "rz": "0.00"
                          },
                          "name": "twx-dt-modelitem",
                          "children": [
                            {
                              "name": "twx-container-content"
                            }
                          ]
                        },
                        {
                          "attributes": {
                            "twx-widget": "",
                            "widget-id": "modelItem-3",
                            "widget-name": "Blue Button",
                            "click-expression": "clickButton(3);",
                            "is-widget-container": "true",
                            "model": "model-1",
                            "idpath": "/35",
                            "scale": "1.0000",
                            "x": "0.0740",
                            "y": "-0.0166",
                            "z": "0.1191",
                            "rx": "60.00",
                            "ry": "0.00",
                            "rz": "0.00"
                          },
                          "name": "twx-dt-modelitem",
                          "children": [
                            {
                              "name": "twx-container-content"
                            }
                          ]
                        },
                        {
                          "attributes": {
                            "twx-widget": "",
                            "widget-id": "modelItem-4",
                            "widget-name": "Yellow Button",
                            "click-expression": "clickButton(4);",
                            "is-widget-container": "true",
                            "model": "model-1",
                            "idpath": "/41",
                            "scale": "1.0000",
                            "x": "-0.0740",
                            "y": "-0.0166",
                            "z": "0.1191",
                            "rx": "60.00",
                            "ry": "0.00",
                            "rz": "0.00"
                          },
                          "name": "twx-dt-modelitem",
                          "children": [
                            {
                              "name": "twx-container-content"
                            }
                          ]
                        }
                      ]
                    }
                  ]
                },
                {
                  "attributes": {
                    "twx-widget": "",
                    "widget-id": "spatialTarget-1",
                    "widget-name": "spatialTarget-1",
                    "rx": "-90",
                    "enabletranslategesture": "false",
                    "enablerotategesture": "false"
                  },
                  "name": "twx-dt-target-spatial"
                }
              ]
            }
          ]
        },
        {
          "attributes": {
            "twx-widget": "",
            "widget-id": "2DOverlay-1",
            "widget-name": "2D Overlay",
            "is-widget-container": "true"
          },
          "name": "twx-overlay",
          "children": [
            {
              "name": "twx-container-content",
              "children": [
                {
                  "attributes": {
                    "twx-widget": "",
                    "widget-id": "panel-1",
                    "widget-name": "Top Panel",
                    "is-widget-container": "true",
                    "position": "top",
                    "height": "60px"
                  },
                  "name": "twx-overlay-container",
                  "children": [
                    {
                      "name": "twx-container-content",
                      "children": [
                        {
                          "attributes": {
                            "twx-widget": "",
                            "widget-id": "gridLayout-2",
                            "widget-name": "gridLayout-2",
                            "is-widget-container": "true"
                          },
                          "name": "twx-gridlayout",
                          "children": [
                            {
                              "name": "twx-container-content",
                              "children": [
                                {
                                  "attributes": {
                                    "twx-widget": "",
                                    "widget-id": "row-2",
                                    "widget-name": "row-2",
                                    "is-widget-container": "true"
                                  },
                                  "name": "twx-row",
                                  "children": [
                                    {
                                      "name": "twx-container-content",
                                      "children": [
                                        {
                                          "attributes": {
                                            "twx-widget": "",
                                            "widget-id": "column-3",
                                            "widget-name": "column-3",
                                            "is-widget-container": "true",
                                            "alignment": "flex-end",
                                            "padding": ""
                                          },
                                          "name": "twx-col",
                                          "children": [
                                            {
                                              "name": "twx-container-content",
                                              "children": [
                                                {
                                                  "attributes": {
                                                    "twx-widget": "",
                                                    "widget-id": "image-3",
                                                    "widget-name": "image-3",
                                                    "imgsrc": "Uploaded/Info Icon.png",
                                                    "height": "40px"
                                                  },
                                                  "name": "twx-image2",
                                                  "children": [
                                                    {
                                                      "attributes": {
                                                        "eventbind-id": "eb-1626717162110",
                                                        "source-type": "widget",
                                                        "source-label": "Image",
                                                        "source-name": "image-3",
                                                        "source-event": "click",
                                                        "handler-type": "ui",
                                                        "handler-name": "popup-2",
                                                        "handler-service": "showpopup",
                                                        "handler-path": "app.view[\"Home\"].wdg[\"popup-2\"].svc.showpopup"
                                                      },
                                                      "name": "twx-eventbind"
                                                    }
                                                  ]
                                                }
                                              ]
                                            }
                                          ]
                                        }
                                      ]
                                    }
                                  ]
                                }
                              ]
                            }
                          ]
                        }
                      ]
                    }
                  ]
                },
                {
                  "attributes": {
                    "twx-widget": "",
                    "widget-id": "2DOverlayBody-1",
                    "widget-name": "2D Body",
                    "is-widget-container": "true"
                  },
                  "name": "twx-overlay-body",
                  "children": [
                    {
                      "name": "twx-container-content",
                      "children": [
                        {
                          "attributes": {
                            "twx-widget": "",
                            "widget-id": "panel-2",
                            "widget-name": "Left Panel",
                            "is-widget-container": "true",
                            "position": "left",
                            "width": "50px"
                          },
                          "name": "twx-overlay-container",
                          "children": [
                            {
                              "name": "twx-container-content"
                            }
                          ]
                        },
                        {
                          "attributes": {
                            "twx-widget": "",
                            "widget-id": "panel-3",
                            "widget-name": "Center Panel",
                            "is-widget-container": "true",
                            "position": "center"
                          },
                          "name": "twx-overlay-container",
                          "children": [
                            {
                              "name": "twx-container-content",
                              "children": [
                                {
                                  "attributes": {
                                    "twx-widget": "",
                                    "widget-id": "popup-1",
                                    "is-visible-at-designtime": "false",
                                    "widget-name": "popup-1",
                                    "is-widget-container": "true",
                                    "class": "ptc-popup",
                                    "width": "",
                                    "type": "modal"
                                  },
                                  "name": "twx-popup",
                                  "children": [
                                    {
                                      "name": "twx-container-content",
                                      "children": [
                                        {
                                          "attributes": {
                                            "twx-widget": "",
                                            "widget-id": "image-1",
                                            "image-align": "center",
                                            "widget-name": "image-1",
                                            "click-expression": "restartGame();"
                                          },
                                          "name": "twx-image2",
                                          "children": [
                                            {
                                              "attributes": {
                                                "databind-id": "db-1626116878244",
                                                "source-type": "data",
                                                "source-name": "roundNumber",
                                                "source-item-type": "value",
                                                "source-item-name": "roundNumber",
                                                "binding-type": "custom_field",
                                                "from-expression": "app.params['roundNumber']",
                                                "to-property": "class"
                                              },
                                              "name": "twx-databind",
                                              "children": [
                                                {
                                                  "attributes": {
                                                    "filter-id": "df-1626116883434",
                                                    "filter-name": "Round",
                                                    "filter-body": "return \"Round: \" + value;"
                                                  },
                                                  "name": "twx-data-filter"
                                                }
                                              ]
                                            }
                                          ]
                                        }
                                      ]
                                    }
                                  ]
                                },
                                {
                                  "attributes": {
                                    "twx-widget": "",
                                    "widget-id": "popup-2",
                                    "is-visible-at-designtime": "false",
                                    "widget-name": "popup-2",
                                    "is-widget-container": "true",
                                    "class": "ptc-popup",
                                    "width": "90%",
                                    "type": "modal",
                                    "visible": "true"
                                  },
                                  "name": "twx-popup",
                                  "children": [
                                    {
                                      "name": "twx-container-content",
                                      "children": [
                                        {
                                          "attributes": {
                                            "twx-widget": "",
                                            "widget-id": "gridLayout-3",
                                            "widget-name": "gridLayout-3",
                                            "is-widget-container": "true"
                                          },
                                          "name": "twx-gridlayout",
                                          "children": [
                                            {
                                              "name": "twx-container-content",
                                              "children": [
                                                {
                                                  "attributes": {
                                                    "twx-widget": "",
                                                    "widget-id": "row-3",
                                                    "widget-name": "row-3",
                                                    "is-widget-container": "true"
                                                  },
                                                  "name": "twx-row",
                                                  "children": [
                                                    {
                                                      "name": "twx-container-content",
                                                      "children": [
                                                        {
                                                          "attributes": {
                                                            "twx-widget": "",
                                                            "widget-id": "column-4",
                                                            "widget-name": "column-4",
                                                            "is-widget-container": "true",
                                                            "alignment": "center"
                                                          },
                                                          "name": "twx-col",
                                                          "children": [
                                                            {
                                                              "name": "twx-container-content",
                                                              "children": [
                                                                {
                                                                  "attributes": {
                                                                    "twx-widget": "",
                                                                    "widget-id": "label-2",
                                                                    "state-format-value": "text",
                                                                    "widget-name": "label-2",
                                                                    "text": "Welcome to Simon in AR!",
                                                                    "class": "ptc-header-label",
                                                                    "padding": ""
                                                                  },
                                                                  "name": "twx-label"
                                                                }
                                                              ]
                                                            }
                                                          ]
                                                        }
                                                      ]
                                                    }
                                                  ]
                                                },
                                                {
                                                  "attributes": {
                                                    "twx-widget": "",
                                                    "widget-id": "row-5",
                                                    "widget-name": "row-5",
                                                    "is-widget-container": "true"
                                                  },
                                                  "name": "twx-row",
                                                  "children": [
                                                    {
                                                      "name": "twx-container-content",
                                                      "children": [
                                                        {
                                                          "attributes": {
                                                            "twx-widget": "",
                                                            "widget-id": "column-7",
                                                            "widget-name": "column-7",
                                                            "is-widget-container": "true",
                                                            "alignment": "center",
                                                            "padding": ""
                                                          },
                                                          "name": "twx-col",
                                                          "children": [
                                                            {
                                                              "name": "twx-container-content",
                                                              "children": [
                                                                {
                                                                  "attributes": {
                                                                    "twx-widget": "",
                                                                    "widget-id": "label-3",
                                                                    "state-format-value": "text",
                                                                    "widget-name": "label-3",
                                                                    "text": "Please use this guide to learn how to play this unique and entertaining game:",
                                                                    "class": "ptc-body-label"
                                                                  },
                                                                  "name": "twx-label"
                                                                },
                                                                {
                                                                  "attributes": {
                                                                    "twx-widget": "",
                                                                    "widget-id": "label-4",
                                                                    "state-format-value": "text",
                                                                    "widget-name": "label-4",
                                                                    "click-expression": "skipInstructions();",
                                                                    "text": "Skip",
                                                                    "class": "ptc-skip-label",
                                                                    "padding": ""
                                                                  },
                                                                  "name": "twx-label"
                                                                },
                                                                {
                                                                  "attributes": {
                                                                    "twx-widget": "",
                                                                    "widget-id": "label-5",
                                                                    "state-format-value": "text",
                                                                    "widget-name": "label-5",
                                                                    "text": "",
                                                                    "class": "ptc-body-label"
                                                                  },
                                                                  "name": "twx-label"
                                                                }
                                                              ]
                                                            }
                                                          ]
                                                        }
                                                      ]
                                                    }
                                                  ]
                                                },
                                                {
                                                  "attributes": {
                                                    "twx-widget": "",
                                                    "widget-id": "row-6",
                                                    "widget-name": "row-6",
                                                    "is-widget-container": "true"
                                                  },
                                                  "name": "twx-row",
                                                  "children": [
                                                    {
                                                      "name": "twx-container-content",
                                                      "children": [
                                                        {
                                                          "attributes": {
                                                            "twx-widget": "",
                                                            "widget-id": "column-8",
                                                            "widget-name": "column-8",
                                                            "is-widget-container": "true",
                                                            "justification": "center",
                                                            "alignment": "center"
                                                          },
                                                          "name": "twx-col",
                                                          "children": [
                                                            {
                                                              "name": "twx-container-content",
                                                              "children": [
                                                                {
                                                                  "attributes": {
                                                                    "twx-widget": "",
                                                                    "widget-id": "button-3",
                                                                    "widget-name": "button-3",
                                                                    "click-expression": "nextInstruction();",
                                                                    "text": "Next",
                                                                    "class": "ptc-button"
                                                                  },
                                                                  "name": "twx-button"
                                                                }
                                                              ]
                                                            }
                                                          ]
                                                        }
                                                      ]
                                                    }
                                                  ]
                                                }
                                              ]
                                            }
                                          ]
                                        }
                                      ]
                                    }
                                  ]
                                },
                                {
                                  "attributes": {
                                    "twx-widget": "",
                                    "widget-id": "gridLayout-4",
                                    "widget-name": "gridLayout-4",
                                    "is-widget-container": "true",
                                    "evenlyspacedrows": "true"
                                  },
                                  "name": "twx-gridlayout",
                                  "children": [
                                    {
                                      "name": "twx-container-content",
                                      "children": [
                                        {
                                          "attributes": {
                                            "twx-widget": "",
                                            "widget-id": "row-4",
                                            "widget-name": "row-4",
                                            "is-widget-container": "true"
                                          },
                                          "name": "twx-row",
                                          "children": [
                                            {
                                              "name": "twx-container-content",
                                              "children": [
                                                {
                                                  "attributes": {
                                                    "twx-widget": "",
                                                    "widget-id": "column-5",
                                                    "widget-name": "column-5",
                                                    "is-widget-container": "true",
                                                    "justification": "center",
                                                    "alignment": "center"
                                                  },
                                                  "name": "twx-col",
                                                  "children": [
                                                    {
                                                      "name": "twx-container-content",
                                                      "children": [
                                                        {
                                                          "attributes": {
                                                            "twx-widget": "",
                                                            "widget-id": "image-2",
                                                            "image-align": "center",
                                                            "widget-name": "image-2",
                                                            "imgsrc": "Uploaded/Screen Center.png",
                                                            "width": "50px"
                                                          },
                                                          "name": "twx-image2"
                                                        }
                                                      ]
                                                    }
                                                  ]
                                                }
                                              ]
                                            }
                                          ]
                                        }
                                      ]
                                    }
                                  ]
                                }
                              ]
                            }
                          ]
                        },
                        {
                          "attributes": {
                            "twx-widget": "",
                            "widget-id": "panel-4",
                            "widget-name": "Right Panel",
                            "is-widget-container": "true",
                            "position": "right",
                            "width": "50px"
                          },
                          "name": "twx-overlay-container",
                          "children": [
                            {
                              "name": "twx-container-content",
                              "children": [
                                {
                                  "attributes": {
                                    "twx-widget": "",
                                    "widget-id": "audio-1",
                                    "widget-name": "audio-1",
                                    "audiosrc": "Uploaded/Green Button.mp3",
                                    "showcontrols": "true",
                                    "preload": "auto",
                                    "visible": "false"
                                  },
                                  "name": "twx-audio"
                                },
                                {
                                  "attributes": {
                                    "twx-widget": "",
                                    "widget-id": "audio-2",
                                    "widget-name": "audio-2",
                                    "audiosrc": "Uploaded/Red Button.mp3",
                                    "showcontrols": "true",
                                    "preload": "auto",
                                    "visible": "false"
                                  },
                                  "name": "twx-audio"
                                },
                                {
                                  "attributes": {
                                    "twx-widget": "",
                                    "widget-id": "audio-3",
                                    "widget-name": "audio-3",
                                    "audiosrc": "Uploaded/Blue Button.mp3",
                                    "showcontrols": "true",
                                    "preload": "auto",
                                    "visible": "false"
                                  },
                                  "name": "twx-audio"
                                },
                                {
                                  "attributes": {
                                    "twx-widget": "",
                                    "widget-id": "audio-4",
                                    "widget-name": "audio-4",
                                    "audiosrc": "Uploaded/Yellow Button.mp3",
                                    "showcontrols": "true",
                                    "preload": "auto",
                                    "visible": "false"
                                  },
                                  "name": "twx-audio"
                                }
                              ]
                            }
                          ]
                        }
                      ]
                    }
                  ]
                },
                {
                  "attributes": {
                    "twx-widget": "",
                    "widget-id": "panel-5",
                    "widget-name": "Bottom Panel",
                    "is-widget-container": "true",
                    "position": "bottom",
                    "height": "60px"
                  },
                  "name": "twx-overlay-container",
                  "children": [
                    {
                      "name": "twx-container-content",
                      "children": [
                        {
                          "attributes": {
                            "twx-widget": "",
                            "widget-id": "gridLayout-1",
                            "widget-name": "gridLayout-1",
                            "is-widget-container": "true"
                          },
                          "name": "twx-gridlayout",
                          "children": [
                            {
                              "name": "twx-container-content",
                              "children": [
                                {
                                  "attributes": {
                                    "twx-widget": "",
                                    "widget-id": "row-1",
                                    "widget-name": "row-1",
                                    "is-widget-container": "true"
                                  },
                                  "name": "twx-row",
                                  "children": [
                                    {
                                      "name": "twx-container-content",
                                      "children": [
                                        {
                                          "attributes": {
                                            "twx-widget": "",
                                            "widget-id": "column-1",
                                            "widget-name": "column-1",
                                            "is-widget-container": "true",
                                            "padding": "5px"
                                          },
                                          "name": "twx-col",
                                          "children": [
                                            {
                                              "name": "twx-container-content",
                                              "children": [
                                                {
                                                  "attributes": {
                                                    "twx-widget": "",
                                                    "widget-id": "button-1",
                                                    "widget-name": "button-1",
                                                    "click-expression": "firstSquare();",
                                                    "text": "Start",
                                                    "class": "ptc-button",
                                                    "margin": ""
                                                  },
                                                  "name": "twx-button"
                                                }
                                              ]
                                            }
                                          ]
                                        },
                                        {
                                          "attributes": {
                                            "twx-widget": "",
                                            "widget-id": "column-2",
                                            "widget-name": "column-2",
                                            "is-widget-container": "true",
                                            "alignment": "center",
                                            "padding": "5px"
                                          },
                                          "name": "twx-col",
                                          "children": [
                                            {
                                              "name": "twx-container-content",
                                              "children": [
                                                {
                                                  "attributes": {
                                                    "twx-widget": "",
                                                    "widget-id": "label-1",
                                                    "state-format-value": "text",
                                                    "widget-name": "label-1",
                                                    "text": "Round:",
                                                    "class": "ptc-counter-label"
                                                  },
                                                  "name": "twx-label",
                                                  "children": [
                                                    {
                                                      "attributes": {
                                                        "databind-id": "db-1626121515105",
                                                        "source-type": "data",
                                                        "source-name": "roundNumber",
                                                        "source-item-type": "value",
                                                        "source-item-name": "roundNumber",
                                                        "binding-type": "custom_field",
                                                        "from-expression": "app.params['roundNumber']",
                                                        "to-property": "text"
                                                      },
                                                      "name": "twx-databind",
                                                      "children": [
                                                        {
                                                          "attributes": {
                                                            "filter-id": "df-1626121544420",
                                                            "filter-name": "Round",
                                                            "filter-body": "return \"Round: \" + value;"
                                                          },
                                                          "name": "twx-data-filter"
                                                        }
                                                      ]
                                                    }
                                                  ]
                                                }
                                              ]
                                            }
                                          ]
                                        },
                                        {
                                          "attributes": {
                                            "twx-widget": "",
                                            "widget-id": "column-6",
                                            "widget-name": "column-6",
                                            "is-widget-container": "true",
                                            "alignment": "flex-end",
                                            "padding": "5px"
                                          },
                                          "name": "twx-col",
                                          "children": [
                                            {
                                              "name": "twx-container-content",
                                              "children": [
                                                {
                                                  "attributes": {
                                                    "twx-widget": "",
                                                    "widget-id": "button-2",
                                                    "widget-name": "button-2",
                                                    "click-expression": "inputButton();",
                                                    "text": "Gaze",
                                                    "class": "ptc-button"
                                                  },
                                                  "name": "twx-button"
                                                }
                                              ]
                                            }
                                          ]
                                        }
                                      ]
                                    }
                                  ]
                                }
                              ]
                            }
                          ]
                        }
                      ]
                    }
                  ]
                }
              ]
            }
          ]
        }
      ]
    },
    {
      "name": "twx-fragment-parameters"
    },
    {
      "name": "twx-view-data"
    }
  ],
  "name": "twx-view"
}
