{
  "attributes": {
    "twx-widget": "",
    "widget-id": "view-1",
    "widget-name": "view-1",
    "is-widget-container": "true",
    "viewtype": "ar"
  },
  "children": [
    {
      "name": "twx-container-content",
      "children": [
        {
          "attributes": {
            "twx-widget": "",
            "widget-id": "3DContainer-1",
            "widget-name": "3D Container",
            "is-widget-container": "true",
            "enabletrackingevents": "true",
            "dropshadow": "true"
          },
          "name": "twx-dt-view",
          "children": [
            {
              "name": "twx-container-content",
              "children": [
                {
                  "attributes": {
                    "twx-widget": "",
                    "widget-id": "model-1",
                    "widget-name": "model-1",
                    "is-widget-container": "true",
                    "src": "Uploaded/VF-4_STEP_2019-01.pvz",
                    "scale": ".5",
                    "x": "0.5",
                    "z": "-1.3",
                    "rx": "0.00",
                    "rz": "0.00"
                  },
                  "name": "twx-dt-model",
                  "children": [
                    {
                      "name": "twx-container-content"
                    }
                  ]
                },
                {
                  "attributes": {
                    "twx-widget": "",
                    "widget-id": "model-2",
                    "widget-name": "model-2",
                    "is-widget-container": "true",
                    "src": "Uploaded/R2D2.pvz",
                    "scale": "0.6000",
                    "x": "-0.5",
                    "z": "-0.5"
                  },
                  "name": "twx-dt-model",
                  "children": [
                    {
                      "name": "twx-container-content"
                    }
                  ]
                },
                {
                  "attributes": {
                    "twx-widget": "",
                    "widget-id": "spatialTarget-1",
                    "widget-name": "spatialTarget-1",
                    "rx": "-90",
                    "enabletranslategesture": "false",
                    "enablerotategesture": "false"
                  },
                  "name": "twx-dt-target-spatial"
                }
              ]
            }
          ]
        },
        {
          "attributes": {
            "twx-widget": "",
            "widget-id": "2DOverlay-1",
            "widget-name": "2D Overlay",
            "is-widget-container": "true"
          },
          "name": "twx-overlay",
          "children": [
            {
              "name": "twx-container-content",
              "children": [
                {
                  "attributes": {
                    "twx-widget": "",
                    "widget-id": "panel-1",
                    "widget-name": "Top Panel",
                    "is-widget-container": "true",
                    "position": "top"
                  },
                  "name": "twx-overlay-container",
                  "children": [
                    {
                      "name": "twx-container-content",
                      "children": [
                        {
                          "attributes": {
                            "twx-widget": "",
                            "widget-id": "audio-1",
                            "widget-name": "audio-1",
                            "audiosrc": "Uploaded/Put That, There.mp3",
                            "showcontrols": "false",
                            "visible": "false"
                          },
                          "name": "twx-audio"
                        }
                      ]
                    }
                  ]
                },
                {
                  "attributes": {
                    "twx-widget": "",
                    "widget-id": "2DOverlayBody-1",
                    "widget-name": "2D Body",
                    "is-widget-container": "true"
                  },
                  "name": "twx-overlay-body",
                  "children": [
                    {
                      "name": "twx-container-content",
                      "children": [
                        {
                          "attributes": {
                            "twx-widget": "",
                            "widget-id": "panel-2",
                            "widget-name": "Left Panel",
                            "is-widget-container": "true",
                            "position": "left"
                          },
                          "name": "twx-overlay-container",
                          "children": [
                            {
                              "name": "twx-container-content"
                            }
                          ]
                        },
                        {
                          "attributes": {
                            "twx-widget": "",
                            "widget-id": "panel-3",
                            "widget-name": "Center Panel",
                            "is-widget-container": "true",
                            "position": "center"
                          },
                          "name": "twx-overlay-container",
                          "children": [
                            {
                              "name": "twx-container-content"
                            }
                          ]
                        },
                        {
                          "attributes": {
                            "twx-widget": "",
                            "widget-id": "panel-4",
                            "widget-name": "Right Panel",
                            "is-widget-container": "true",
                            "position": "right"
                          },
                          "name": "twx-overlay-container",
                          "children": [
                            {
                              "name": "twx-container-content",
                              "children": [
                                {
                                  "attributes": {
                                    "twx-widget": "",
                                    "widget-id": "gridLayout-2",
                                    "widget-name": "gridLayout-2",
                                    "is-widget-container": "true",
                                    "evenlyspacedrows": "true"
                                  },
                                  "name": "twx-gridlayout",
                                  "children": [
                                    {
                                      "name": "twx-container-content",
                                      "children": [
                                        {
                                          "attributes": {
                                            "twx-widget": "",
                                            "widget-id": "row-2",
                                            "widget-name": "row-2",
                                            "is-widget-container": "true"
                                          },
                                          "name": "twx-row",
                                          "children": [
                                            {
                                              "name": "twx-container-content",
                                              "children": [
                                                {
                                                  "attributes": {
                                                    "twx-widget": "",
                                                    "widget-id": "column-3",
                                                    "widget-name": "column-3",
                                                    "is-widget-container": "true",
                                                    "justification": "flex-end",
                                                    "fixedcolsize": "",
                                                    "padding": ""
                                                  },
                                                  "name": "twx-col",
                                                  "children": [
                                                    {
                                                      "name": "twx-container-content",
                                                      "children": [
                                                        {
                                                          "attributes": {
                                                            "twx-widget": "",
                                                            "widget-id": "slider-1",
                                                            "widget-name": "slider-1",
                                                            "class": "customSlider",
                                                            "min": "-270",
                                                            "max": "270",
                                                            "value": "0",
                                                            "visible": "false",
                                                            "iconleft": "",
                                                            "iconright": ""
                                                          },
                                                          "name": "twx-range",
                                                          "children": [
                                                            {
                                                              "attributes": {
                                                                "databind-id": "db-1624459268431",
                                                                "source-type": "ui",
                                                                "source-label": "Toggle Button",
                                                                "source-name": "toggleButton-1",
                                                                "source-item-type": "property",
                                                                "source-item-name": "pressed",
                                                                "binding-type": "widget_property",
                                                                "from-expression": "app.view['Home'].wdg['toggleButton-1']['pressed']",
                                                                "to-property": "visible"
                                                              },
                                                              "name": "twx-databind"
                                                            }
                                                          ]
                                                        }
                                                      ]
                                                    }
                                                  ]
                                                }
                                              ]
                                            }
                                          ]
                                        }
                                      ]
                                    }
                                  ]
                                }
                              ]
                            }
                          ]
                        }
                      ]
                    }
                  ]
                },
                {
                  "attributes": {
                    "twx-widget": "",
                    "widget-id": "panel-5",
                    "widget-name": "Bottom Panel",
                    "is-widget-container": "true",
                    "position": "bottom"
                  },
                  "name": "twx-overlay-container",
                  "children": [
                    {
                      "name": "twx-container-content",
                      "children": [
                        {
                          "attributes": {
                            "twx-widget": "",
                            "widget-id": "gridLayout-1",
                            "widget-name": "gridLayout-1",
                            "is-widget-container": "true"
                          },
                          "name": "twx-gridlayout",
                          "children": [
                            {
                              "name": "twx-container-content",
                              "children": [
                                {
                                  "attributes": {
                                    "twx-widget": "",
                                    "widget-id": "row-1",
                                    "widget-name": "row-1",
                                    "is-widget-container": "true"
                                  },
                                  "name": "twx-row",
                                  "children": [
                                    {
                                      "name": "twx-container-content",
                                      "children": [
                                        {
                                          "attributes": {
                                            "twx-widget": "",
                                            "widget-id": "column-1",
                                            "widget-name": "column-1",
                                            "is-widget-container": "true",
                                            "justification": "flex-end",
                                            "alignment": "flex-start"
                                          },
                                          "name": "twx-col",
                                          "children": [
                                            {
                                              "name": "twx-container-content",
                                              "children": [
                                                {
                                                  "attributes": {
                                                    "twx-widget": "",
                                                    "widget-id": "toggleButton-1",
                                                    "background-color": "",
                                                    "background-color-pressed": "",
                                                    "widget-name": "toggleButton-1",
                                                    "pressed-expression": "modelSelect();",
                                                    "unpressed-expression": "modelPlace();",
                                                    "src": "Uploaded/button_there.png",
                                                    "srcnotpressed": "Uploaded/button_put-that.png",
                                                    "width": "93px"
                                                  },
                                                  "name": "twx-toggle-button",
                                                  "children": [
                                                    {
                                                      "attributes": {
                                                        "eventbind-id": "eb-1624422198031",
                                                        "source-type": "widget",
                                                        "source-label": "Toggle Button",
                                                        "source-name": "toggleButton-1",
                                                        "source-event": "pressed",
                                                        "handler-type": "ui",
                                                        "handler-name": "audio-1",
                                                        "handler-service": "play",
                                                        "handler-path": "app.view[\"Home\"].wdg[\"audio-1\"].svc.play"
                                                      },
                                                      "name": "twx-eventbind"
                                                    }
                                                  ]
                                                }
                                              ]
                                            }
                                          ]
                                        },
                                        {
                                          "attributes": {
                                            "twx-widget": "",
                                            "widget-id": "column-2",
                                            "widget-name": "column-2",
                                            "is-widget-container": "true"
                                          },
                                          "name": "twx-col",
                                          "children": [
                                            {
                                              "name": "twx-container-content",
                                              "children": [
                                                {
                                                  "attributes": {
                                                    "twx-widget": "",
                                                    "widget-id": "image-1",
                                                    "image-align": "flex-end",
                                                    "widget-name": "image-1",
                                                    "click-expression": "resetMove();",
                                                    "imgsrc": "Uploaded/button_reset.png",
                                                    "height": "48px",
                                                    "visible": "false"
                                                  },
                                                  "name": "twx-image2",
                                                  "children": [
                                                    {
                                                      "attributes": {
                                                        "databind-id": "db-1624419617806",
                                                        "source-type": "ui",
                                                        "source-label": "Toggle Button",
                                                        "source-name": "toggleButton-1",
                                                        "source-item-type": "property",
                                                        "source-item-name": "pressed",
                                                        "binding-type": "widget_property",
                                                        "from-expression": "app.view['Home'].wdg['toggleButton-1']['pressed']",
                                                        "to-property": "visible"
                                                      },
                                                      "name": "twx-databind"
                                                    }
                                                  ]
                                                }
                                              ]
                                            }
                                          ]
                                        }
                                      ]
                                    }
                                  ]
                                }
                              ]
                            }
                          ]
                        }
                      ]
                    }
                  ]
                }
              ]
            }
          ]
        }
      ]
    },
    {
      "name": "twx-fragment-parameters"
    },
    {
      "name": "twx-view-data"
    }
  ],
  "name": "twx-view"
}
