{
  "name": "",
  "version": "1.0.0",
  "requires": [
    "w320dp",
    "spatial-tracking"
  ],
  "experiences": [
    {
      "vumark": "4271:30",
      "experienceType": "vumark",
      "id": 1,
      "index-keys": [
        "urn:vuforia:vumark:4271:30"
      ],
      "title": {
        "en": "Put That, There Demo"
      },
      "description": {
        "en": "This experience allows the user to relocate models within a 3D space using gaze tracking.",
        "en-US": "This experience allows the user to relocate models within a 3D space using gaze tracking."
      },
      "requires": [
        "AR-tracking"
      ],
      "tags": [],
      "icon": "",
      "viewName": "Home",
      "url-template": "index.html?expId=1&vumark={{vuforia:vumark}}",
      "entryPoint": "index.html?expId=1",
      "thumbnail": "public/Uploaded/Put That, There Mobile Thumbnail.PNG",
      "thingTemplateName": ""
    }
  ],
  "widgetsUsage": [
    {
      "timestamp": "2021-06-29T15:02:49.859Z",
      "action": "PUBLISH",
      "usage": {
        "twx-view": 1,
        "twx-dt-view": 1,
        "twx-dt-model": 3,
        "twx-dt-target-spatial": 1,
        "twx-overlay": 1,
        "twx-overlay-container": 5,
        "twx-audio": 1,
        "twx-overlay-body": 1,
        "twx-gridlayout": 2,
        "twx-row": 2,
        "twx-col": 3,
        "twx-range": 1,
        "twx-toggle-button": 1,
        "twx-image2": 1
      }
    },
    {
      "timestamp": "2021-07-03T05:43:52.193Z",
      "action": "PUBLISH",
      "usage": {
        "twx-view": 1,
        "twx-dt-view": 1,
        "twx-dt-model": 3,
        "twx-dt-target-spatial": 1,
        "twx-overlay": 1,
        "twx-overlay-container": 5,
        "twx-audio": 1,
        "twx-overlay-body": 1,
        "twx-gridlayout": 2,
        "twx-row": 2,
        "twx-col": 3,
        "twx-range": 1,
        "twx-toggle-button": 1,
        "twx-image2": 1
      }
    },
    {
      "timestamp": "2021-07-03T06:08:48.842Z",
      "action": "PUBLISH",
      "usage": {
        "twx-view": 1,
        "twx-dt-view": 1,
        "twx-dt-model": 2,
        "twx-dt-target-spatial": 1,
        "twx-overlay": 1,
        "twx-overlay-container": 5,
        "twx-audio": 1,
        "twx-overlay-body": 1,
        "twx-gridlayout": 2,
        "twx-row": 2,
        "twx-col": 3,
        "twx-range": 1,
        "twx-toggle-button": 1,
        "twx-image2": 1
      }
    },
    {
      "timestamp": "2021-07-03T06:09:50.291Z",
      "action": "PUBLISH",
      "usage": {
        "twx-view": 1,
        "twx-dt-view": 1,
        "twx-dt-model": 2,
        "twx-dt-target-spatial": 1,
        "twx-overlay": 1,
        "twx-overlay-container": 5,
        "twx-audio": 1,
        "twx-overlay-body": 1,
        "twx-gridlayout": 2,
        "twx-row": 2,
        "twx-col": 3,
        "twx-range": 1,
        "twx-toggle-button": 1,
        "twx-image2": 1
      }
    },
    {
      "timestamp": "2021-07-04T17:11:00.041Z",
      "action": "PUBLISH",
      "usage": {
        "twx-view": 1,
        "twx-dt-view": 1,
        "twx-dt-model": 2,
        "twx-dt-target-spatial": 1,
        "twx-overlay": 1,
        "twx-overlay-container": 5,
        "twx-audio": 1,
        "twx-overlay-body": 1,
        "twx-gridlayout": 2,
        "twx-row": 2,
        "twx-col": 3,
        "twx-range": 1,
        "twx-toggle-button": 1,
        "twx-image2": 1
      }
    },
    {
      "timestamp": "2021-07-04T23:48:28.762Z",
      "action": "PUBLISH",
      "usage": {
        "twx-view": 1,
        "twx-dt-view": 1,
        "twx-dt-model": 2,
        "twx-dt-target-spatial": 1,
        "twx-overlay": 1,
        "twx-overlay-container": 5,
        "twx-audio": 1,
        "twx-overlay-body": 1,
        "twx-gridlayout": 2,
        "twx-row": 2,
        "twx-col": 3,
        "twx-range": 1,
        "twx-toggle-button": 1,
        "twx-image2": 1
      }
    },
    {
      "timestamp": "2021-07-05T00:02:26.353Z",
      "action": "PUBLISH",
      "usage": {
        "twx-view": 1,
        "twx-dt-view": 1,
        "twx-dt-model": 2,
        "twx-dt-target-spatial": 1,
        "twx-overlay": 1,
        "twx-overlay-container": 5,
        "twx-audio": 1,
        "twx-overlay-body": 1,
        "twx-gridlayout": 2,
        "twx-row": 2,
        "twx-col": 3,
        "twx-range": 1,
        "twx-toggle-button": 1,
        "twx-image2": 1
      }
    },
    {
      "timestamp": "2021-07-19T17:06:22.553Z",
      "action": "PUBLISH",
      "usage": {
        "twx-view": 1,
        "twx-dt-view": 1,
        "twx-dt-model": 2,
        "twx-dt-target-spatial": 1,
        "twx-overlay": 1,
        "twx-overlay-container": 5,
        "twx-audio": 1,
        "twx-overlay-body": 1,
        "twx-gridlayout": 2,
        "twx-row": 2,
        "twx-col": 3,
        "twx-range": 1,
        "twx-toggle-button": 1,
        "twx-image2": 1
      }
    },
    {
      "timestamp": "2021-07-19T17:08:27.221Z",
      "action": "PUBLISH",
      "usage": {
        "twx-view": 1,
        "twx-dt-view": 1,
        "twx-dt-model": 2,
        "twx-dt-target-spatial": 1,
        "twx-overlay": 1,
        "twx-overlay-container": 5,
        "twx-audio": 1,
        "twx-overlay-body": 1,
        "twx-gridlayout": 2,
        "twx-row": 2,
        "twx-col": 3,
        "twx-range": 1,
        "twx-toggle-button": 1,
        "twx-image2": 1
      }
    },
    {
      "timestamp": "2021-07-19T17:08:48.226Z",
      "action": "PUBLISH",
      "usage": {
        "twx-view": 1,
        "twx-dt-view": 1,
        "twx-dt-model": 2,
        "twx-dt-target-spatial": 1,
        "twx-overlay": 1,
        "twx-overlay-container": 5,
        "twx-audio": 1,
        "twx-overlay-body": 1,
        "twx-gridlayout": 2,
        "twx-row": 2,
        "twx-col": 3,
        "twx-range": 1,
        "twx-toggle-button": 1,
        "twx-image2": 1
      }
    },
    {
      "timestamp": "2021-07-19T22:23:54.799Z",
      "action": "PUBLISH",
      "usage": {
        "twx-view": 1,
        "twx-dt-view": 1,
        "twx-dt-model": 2,
        "twx-dt-target-spatial": 1,
        "twx-overlay": 1,
        "twx-overlay-container": 5,
        "twx-audio": 1,
        "twx-overlay-body": 1,
        "twx-gridlayout": 2,
        "twx-row": 2,
        "twx-col": 3,
        "twx-range": 1,
        "twx-toggle-button": 1,
        "twx-image2": 1
      }
    },
    {
      "timestamp": "2021-07-19T22:24:04.414Z",
      "action": "LATEST_SAVE",
      "usage": {
        "twx-view": 1,
        "twx-dt-view": 1,
        "twx-dt-model": 2,
        "twx-dt-target-spatial": 1,
        "twx-overlay": 1,
        "twx-overlay-container": 5,
        "twx-audio": 1,
        "twx-overlay-body": 1,
        "twx-gridlayout": 2,
        "twx-row": 2,
        "twx-col": 3,
        "twx-range": 1,
        "twx-toggle-button": 1,
        "twx-image2": 1
      }
    }
  ],
  "accessType": "public",
  "designedfor": [
    "offline"
  ]
}
