{
  "name": "",
  "version": "1.0.0",
  "requires": [
    "holographic",
    "spatial-tracking"
  ],
  "experiences": [
    {
      "vumark": "4271:30",
      "experienceType": "vumark",
      "id": 1,
      "index-keys": [
        "urn:vuforia:vumark:4271:30"
      ],
      "title": {
        "en": "Put That, There Demo - HoloLens"
      },
      "description": {
        "en": "This experience allows the user to relocate models within a 3D space using gaze tracking.",
        "en-US": "This experience allows the user to relocate models within a 3D space using gaze tracking."
      },
      "requires": [
        "AR-tracking"
      ],
      "tags": [],
      "icon": "",
      "viewName": "Home",
      "url-template": "index.html?expId=1&vumark={{vuforia:vumark}}",
      "entryPoint": "index.html?expId=1",
      "thumbnail": "public/Uploaded/Put That, There HoloLens Thumbnail.PNG",
      "thingTemplateName": ""
    }
  ],
  "widgetsUsage": [
    {
      "timestamp": "2021-06-28T16:02:42.740Z",
      "action": "PUBLISH",
      "usage": {
        "twx-view": 1,
        "twx-dt-view": 1,
        "twx-dt-target-spatial": 1,
        "twx-dt-model": 2,
        "twx-dt-3daudio": 1
      }
    },
    {
      "timestamp": "2021-06-28T16:07:37.565Z",
      "action": "PUBLISH",
      "usage": {
        "twx-view": 1,
        "twx-dt-view": 1,
        "twx-dt-target-spatial": 1,
        "twx-dt-model": 2,
        "twx-dt-3daudio": 1
      }
    },
    {
      "timestamp": "2021-06-28T16:58:16.696Z",
      "action": "PUBLISH",
      "usage": {
        "twx-view": 1,
        "twx-dt-view": 1,
        "twx-dt-target-spatial": 1,
        "twx-dt-model": 2,
        "twx-dt-3daudio": 1
      }
    },
    {
      "timestamp": "2021-06-28T17:00:13.265Z",
      "action": "PUBLISH",
      "usage": {
        "twx-view": 1,
        "twx-dt-view": 1,
        "twx-dt-target-spatial": 1,
        "twx-dt-model": 2,
        "twx-dt-3daudio": 1
      }
    },
    {
      "timestamp": "2021-06-28T17:10:45.549Z",
      "action": "PUBLISH",
      "usage": {
        "twx-view": 1,
        "twx-dt-view": 1,
        "twx-dt-target-spatial": 1,
        "twx-dt-model": 2,
        "twx-dt-3daudio": 1
      }
    },
    {
      "timestamp": "2021-06-28T17:16:16.198Z",
      "action": "PUBLISH",
      "usage": {
        "twx-view": 1,
        "twx-dt-view": 1,
        "twx-dt-target-spatial": 1,
        "twx-dt-model": 2,
        "twx-dt-3daudio": 1,
        "twx-dt-3dpress-button": 1,
        "twx-dt-3dbutton": 1
      }
    },
    {
      "timestamp": "2021-06-28T17:16:44.902Z",
      "action": "PUBLISH",
      "usage": {
        "twx-view": 1,
        "twx-dt-view": 1,
        "twx-dt-target-spatial": 1,
        "twx-dt-model": 2,
        "twx-dt-3daudio": 1,
        "twx-dt-3dpress-button": 1,
        "twx-dt-3dbutton": 1
      }
    },
    {
      "timestamp": "2021-06-28T17:33:00.771Z",
      "action": "PUBLISH",
      "usage": {
        "twx-view": 1,
        "twx-dt-view": 1,
        "twx-dt-target-spatial": 1,
        "twx-dt-model": 2,
        "twx-dt-3daudio": 1,
        "twx-dt-3dpress-button": 1,
        "twx-dt-3dbutton": 1
      }
    },
    {
      "timestamp": "2021-06-28T17:34:38.613Z",
      "action": "PUBLISH",
      "usage": {
        "twx-view": 1,
        "twx-dt-view": 1,
        "twx-dt-target-spatial": 1,
        "twx-dt-model": 2,
        "twx-dt-3daudio": 1,
        "twx-dt-3dpress-button": 1,
        "twx-dt-3dbutton": 1
      }
    },
    {
      "timestamp": "2021-06-28T17:37:03.666Z",
      "action": "PUBLISH",
      "usage": {
        "twx-view": 1,
        "twx-dt-view": 1,
        "twx-dt-target-spatial": 1,
        "twx-dt-model": 2,
        "twx-dt-3daudio": 1,
        "twx-dt-3dpress-button": 1,
        "twx-dt-3dbutton": 1
      }
    },
    {
      "timestamp": "2021-06-28T17:38:15.426Z",
      "action": "PUBLISH",
      "usage": {
        "twx-view": 1,
        "twx-dt-view": 1,
        "twx-dt-target-spatial": 1,
        "twx-dt-model": 2,
        "twx-dt-3daudio": 1,
        "twx-dt-3dpress-button": 1,
        "twx-dt-3dbutton": 1
      }
    },
    {
      "timestamp": "2021-06-28T17:39:47.315Z",
      "action": "PUBLISH",
      "usage": {
        "twx-view": 1,
        "twx-dt-view": 1,
        "twx-dt-target-spatial": 1,
        "twx-dt-model": 2,
        "twx-dt-3dpress-button": 1,
        "twx-dt-3dbutton": 1
      }
    },
    {
      "timestamp": "2021-06-28T17:40:47.958Z",
      "action": "PUBLISH",
      "usage": {
        "twx-view": 1,
        "twx-dt-view": 1,
        "twx-dt-target-spatial": 1,
        "twx-dt-model": 2,
        "twx-dt-3dpress-button": 1,
        "twx-dt-3dbutton": 1
      }
    },
    {
      "timestamp": "2021-06-28T17:43:06.166Z",
      "action": "PUBLISH",
      "usage": {
        "twx-view": 1,
        "twx-dt-view": 1,
        "twx-dt-target-spatial": 1,
        "twx-dt-model": 2,
        "twx-dt-3dpress-button": 1,
        "twx-dt-3dbutton": 1
      }
    },
    {
      "timestamp": "2021-06-28T17:43:24.069Z",
      "action": "PUBLISH",
      "usage": {
        "twx-view": 1,
        "twx-dt-view": 1,
        "twx-dt-target-spatial": 1,
        "twx-dt-model": 2,
        "twx-dt-3dpress-button": 1,
        "twx-dt-3dbutton": 1
      }
    },
    {
      "timestamp": "2021-06-28T17:48:22.277Z",
      "action": "PUBLISH",
      "usage": {
        "twx-view": 1,
        "twx-dt-view": 1,
        "twx-dt-target-spatial": 1,
        "twx-dt-model": 2,
        "twx-dt-3dpress-button": 1,
        "twx-dt-3dbutton": 1
      }
    },
    {
      "timestamp": "2021-06-28T17:48:30.417Z",
      "action": "PUBLISH",
      "usage": {
        "twx-view": 1,
        "twx-dt-view": 1,
        "twx-dt-target-spatial": 1,
        "twx-dt-model": 2,
        "twx-dt-3dpress-button": 1,
        "twx-dt-3dbutton": 1
      }
    },
    {
      "timestamp": "2021-06-28T17:50:38.881Z",
      "action": "PUBLISH",
      "usage": {
        "twx-view": 1,
        "twx-dt-view": 1,
        "twx-dt-target-spatial": 1,
        "twx-dt-model": 2,
        "twx-dt-3dpress-button": 1,
        "twx-dt-3dbutton": 1
      }
    },
    {
      "timestamp": "2021-06-28T18:53:55.432Z",
      "action": "PUBLISH",
      "usage": {
        "twx-view": 1,
        "twx-dt-view": 1,
        "twx-dt-target-spatial": 1,
        "twx-dt-model": 2,
        "twx-dt-3dpress-button": 1,
        "twx-dt-label": 1,
        "twx-dt-3dbutton": 1
      }
    },
    {
      "timestamp": "2021-06-28T18:54:43.030Z",
      "action": "PUBLISH",
      "usage": {
        "twx-view": 1,
        "twx-dt-view": 1,
        "twx-dt-target-spatial": 1,
        "twx-dt-model": 2,
        "twx-dt-3dpress-button": 1,
        "twx-dt-label": 1,
        "twx-dt-3dbutton": 1
      }
    },
    {
      "timestamp": "2021-06-28T19:00:01.452Z",
      "action": "PUBLISH",
      "usage": {
        "twx-view": 1,
        "twx-dt-view": 1,
        "twx-dt-target-spatial": 1,
        "twx-dt-model": 2,
        "twx-dt-3dpress-button": 1,
        "twx-dt-label": 1,
        "twx-dt-3dbutton": 1
      }
    },
    {
      "timestamp": "2021-06-28T19:00:40.422Z",
      "action": "PUBLISH",
      "usage": {
        "twx-view": 1,
        "twx-dt-view": 1,
        "twx-dt-target-spatial": 1,
        "twx-dt-model": 2
      }
    },
    {
      "timestamp": "2021-06-28T19:00:50.360Z",
      "action": "PUBLISH",
      "usage": {
        "twx-view": 1,
        "twx-dt-view": 1,
        "twx-dt-target-spatial": 1,
        "twx-dt-model": 2
      }
    },
    {
      "timestamp": "2021-06-28T19:03:24.209Z",
      "action": "PUBLISH",
      "usage": {
        "twx-view": 1,
        "twx-dt-view": 1,
        "twx-dt-target-spatial": 1,
        "twx-dt-model": 2
      }
    },
    {
      "timestamp": "2021-06-28T20:11:12.965Z",
      "action": "PUBLISH",
      "usage": {
        "twx-view": 1,
        "twx-dt-view": 1,
        "twx-dt-target-spatial": 1,
        "twx-dt-model": 3
      }
    },
    {
      "timestamp": "2021-06-28T20:11:53.817Z",
      "action": "PUBLISH",
      "usage": {
        "twx-view": 1,
        "twx-dt-view": 1,
        "twx-dt-target-spatial": 1,
        "twx-dt-model": 3
      }
    },
    {
      "timestamp": "2021-06-29T15:21:46.883Z",
      "action": "PUBLISH",
      "usage": {
        "twx-view": 1,
        "twx-dt-view": 1,
        "twx-dt-target-spatial": 1,
        "twx-dt-model": 3
      }
    },
    {
      "timestamp": "2021-06-29T16:01:29.581Z",
      "action": "PUBLISH",
      "usage": {
        "twx-view": 1,
        "twx-dt-view": 1,
        "twx-dt-target-spatial": 1,
        "twx-dt-model": 3
      }
    },
    {
      "timestamp": "2021-06-29T16:10:53.085Z",
      "action": "PUBLISH",
      "usage": {
        "twx-view": 1,
        "twx-dt-view": 1,
        "twx-dt-target-spatial": 1,
        "twx-dt-model": 2
      }
    },
    {
      "timestamp": "2021-06-29T16:11:17.537Z",
      "action": "PUBLISH",
      "usage": {
        "twx-view": 1,
        "twx-dt-view": 1,
        "twx-dt-target-spatial": 1,
        "twx-dt-model": 2
      }
    },
    {
      "timestamp": "2021-06-29T16:16:42.580Z",
      "action": "PUBLISH",
      "usage": {
        "twx-view": 1,
        "twx-dt-view": 1,
        "twx-dt-target-spatial": 1,
        "twx-dt-model": 2
      }
    },
    {
      "timestamp": "2021-07-03T01:39:57.370Z",
      "action": "PUBLISH",
      "usage": {
        "twx-view": 1,
        "twx-dt-view": 1,
        "twx-dt-target-spatial": 1,
        "twx-dt-model": 2
      }
    },
    {
      "timestamp": "2021-07-03T01:40:14.607Z",
      "action": "PUBLISH",
      "usage": {
        "twx-view": 1,
        "twx-dt-view": 1,
        "twx-dt-target-spatial": 1,
        "twx-dt-model": 2
      }
    },
    {
      "timestamp": "2021-07-03T01:59:25.209Z",
      "action": "PUBLISH",
      "usage": {
        "twx-view": 1,
        "twx-dt-view": 1,
        "twx-dt-target-spatial": 1,
        "twx-dt-model": 2
      }
    },
    {
      "timestamp": "2021-07-03T02:45:22.025Z",
      "action": "PUBLISH",
      "usage": {
        "twx-view": 1,
        "twx-dt-view": 1,
        "twx-dt-target-spatial": 1,
        "twx-dt-model": 2
      }
    },
    {
      "timestamp": "2021-07-03T02:46:36.819Z",
      "action": "PUBLISH",
      "usage": {
        "twx-view": 1,
        "twx-dt-view": 1,
        "twx-dt-target-spatial": 1,
        "twx-dt-model": 2
      }
    },
    {
      "timestamp": "2021-07-03T02:47:46.711Z",
      "action": "PUBLISH",
      "usage": {
        "twx-view": 1,
        "twx-dt-view": 1,
        "twx-dt-target-spatial": 1,
        "twx-dt-model": 2
      }
    },
    {
      "timestamp": "2021-07-03T02:49:16.375Z",
      "action": "PUBLISH",
      "usage": {
        "twx-view": 1,
        "twx-dt-view": 1,
        "twx-dt-target-spatial": 1,
        "twx-dt-model": 2
      }
    },
    {
      "timestamp": "2021-07-03T02:53:26.076Z",
      "action": "PUBLISH",
      "usage": {
        "twx-view": 1,
        "twx-dt-view": 1,
        "twx-dt-target-spatial": 1,
        "twx-dt-model": 2
      }
    },
    {
      "timestamp": "2021-07-03T05:36:04.953Z",
      "action": "PUBLISH",
      "usage": {
        "twx-view": 1,
        "twx-dt-view": 1,
        "twx-dt-target-spatial": 1,
        "twx-dt-model": 2
      }
    },
    {
      "timestamp": "2021-07-03T06:09:31.432Z",
      "action": "PUBLISH",
      "usage": {
        "twx-view": 1,
        "twx-dt-view": 1,
        "twx-dt-target-spatial": 1,
        "twx-dt-model": 2
      }
    },
    {
      "timestamp": "2021-07-04T17:10:41.174Z",
      "action": "PUBLISH",
      "usage": {
        "twx-view": 1,
        "twx-dt-view": 1,
        "twx-dt-target-spatial": 1,
        "twx-dt-model": 2
      }
    },
    {
      "timestamp": "2021-07-04T23:47:48.191Z",
      "action": "PUBLISH",
      "usage": {
        "twx-view": 1,
        "twx-dt-view": 1,
        "twx-dt-target-spatial": 1,
        "twx-dt-model": 2
      }
    }
  ],
  "accessType": "public",
  "designedfor": []
}
