{
  "attributes": {
    "namespace": "app.mdl"
  },
  "children": [
    {
      "attributes": {
        "name": "JF_GazeTracking_Test",
        "twx-entity-type": "Things",
        "twx-entity-name": "JF_GazeTracking_Test"
      },
      "name": "twx-model",
      "children": [
        {
          "attributes": {
            "name": "getDotProduct",
            "id": "getDotProduct"
          },
          "name": "twx-model-service"
        }
      ]
    },
    {
      "attributes": {
        "id": "vumark",
        "isbound": "false",
        "isdeletable": "false",
        "name": "ThingMark",
        "value": ""
      },
      "name": "twx-app-param"
    },
    {
      "attributes": {
        "id": "template",
        "isbound": "false",
        "isdeletable": "false",
        "name": "Thing Template",
        "value": ""
      },
      "name": "twx-app-param"
    },
    {
      "attributes": {
        "id": "thing",
        "isbound": "false",
        "isdeletable": "false",
        "name": "Thing",
        "value": ""
      },
      "name": "twx-app-param"
    },
    {
      "attributes": {
        "id": "userID",
        "isbound": "false",
        "isdeletable": "true",
        "name": "userID",
        "value": ""
      },
      "name": "twx-app-param",
      "children": [
        {
          "attributes": {
            "databind-id": "db-1622850167384",
            "source-type": "ui",
            "source-label": "Text Input",
            "source-name": "textInput-1",
            "source-item-type": "property",
            "source-item-name": "text",
            "binding-type": "widget_property",
            "from-expression": "app.view['Welcome'].wdg['textInput-1']['text']",
            "to-property": "app.params['userID']"
          },
          "name": "twx-databind"
        }
      ]
    },
    {
      "attributes": {
        "id": "numberOfObjects",
        "isbound": "false",
        "isdeletable": "true",
        "name": "numberOfObjects",
        "value": "2"
      },
      "name": "twx-app-param"
    }
  ],
  "name": "twx-app-mdl"
}
