{
  "attributes": {
    "twx-widget": "",
    "widget-id": "view-1",
    "widget-name": "view-1",
    "is-widget-container": "true",
    "viewtype": "ar"
  },
  "children": [
    {
      "name": "twx-container-content",
      "children": [
        {
          "attributes": {
            "twx-widget": "",
            "widget-id": "3DContainer-1",
            "widget-name": "3D Container",
            "is-widget-container": "true",
            "enabletrackingevents": "true",
            "dropshadow": "true"
          },
          "name": "twx-dt-view",
          "children": [
            {
              "name": "twx-container-content",
              "children": [
                {
                  "attributes": {
                    "twx-widget": "",
                    "widget-id": "model-1",
                    "widget-name": "model-1",
                    "is-widget-container": "true",
                    "src": "Uploaded/Death Star.pvz",
                    "scale": ".05",
                    "x": "-0.1252332255244255",
                    "y": "0.11743401736021042",
                    "z": "-0.23578183352947235",
                    "ry": "-60",
                    "rz": "0.00"
                  },
                  "name": "twx-dt-model",
                  "children": [
                    {
                      "name": "twx-container-content"
                    }
                  ]
                },
                {
                  "attributes": {
                    "twx-widget": "",
                    "widget-id": "spatialTarget-1",
                    "widget-name": "spatialTarget-1",
                    "z": "-0.1205",
                    "rx": "-90",
                    "enabletranslategesture": "false",
                    "enablerotategesture": "false"
                  },
                  "name": "twx-dt-target-spatial"
                }
              ]
            }
          ]
        },
        {
          "attributes": {
            "twx-widget": "",
            "widget-id": "2DOverlay-1",
            "widget-name": "2D Overlay",
            "is-widget-container": "true"
          },
          "name": "twx-overlay",
          "children": [
            {
              "name": "twx-container-content",
              "children": [
                {
                  "attributes": {
                    "twx-widget": "",
                    "widget-id": "panel-1",
                    "widget-name": "Top Panel",
                    "is-widget-container": "true",
                    "position": "top"
                  },
                  "name": "twx-overlay-container",
                  "children": [
                    {
                      "name": "twx-container-content"
                    }
                  ]
                },
                {
                  "attributes": {
                    "twx-widget": "",
                    "widget-id": "2DOverlayBody-1",
                    "widget-name": "2D Body",
                    "is-widget-container": "true"
                  },
                  "name": "twx-overlay-body",
                  "children": [
                    {
                      "name": "twx-container-content",
                      "children": [
                        {
                          "attributes": {
                            "twx-widget": "",
                            "widget-id": "panel-2",
                            "widget-name": "Left Panel",
                            "is-widget-container": "true",
                            "position": "left"
                          },
                          "name": "twx-overlay-container",
                          "children": [
                            {
                              "name": "twx-container-content",
                              "children": [
                                {
                                  "attributes": {
                                    "twx-widget": "",
                                    "widget-id": "gridLayout-1",
                                    "widget-name": "gridLayout-1",
                                    "is-widget-container": "true"
                                  },
                                  "name": "twx-gridlayout",
                                  "children": [
                                    {
                                      "name": "twx-container-content",
                                      "children": [
                                        {
                                          "attributes": {
                                            "twx-widget": "",
                                            "widget-id": "row-1",
                                            "widget-name": "row-1",
                                            "is-widget-container": "true"
                                          },
                                          "name": "twx-row",
                                          "children": [
                                            {
                                              "name": "twx-container-content",
                                              "children": [
                                                {
                                                  "attributes": {
                                                    "twx-widget": "",
                                                    "widget-id": "column-1",
                                                    "widget-name": "column-1",
                                                    "is-widget-container": "true",
                                                    "justification": "center",
                                                    "alignment": "center"
                                                  },
                                                  "name": "twx-col",
                                                  "children": [
                                                    {
                                                      "name": "twx-container-content",
                                                      "children": [
                                                        {
                                                          "attributes": {
                                                            "twx-widget": "",
                                                            "widget-id": "label-1",
                                                            "state-format-value": "text",
                                                            "widget-name": "label-1",
                                                            "text": "User X-Position",
                                                            "class": "ptc-label",
                                                            "padding": ""
                                                          },
                                                          "name": "twx-label"
                                                        },
                                                        {
                                                          "attributes": {
                                                            "twx-widget": "",
                                                            "widget-id": "label-2",
                                                            "state-format-value": "text",
                                                            "widget-name": "label-2",
                                                            "text": "???",
                                                            "class": "white-label",
                                                            "padding": "20px"
                                                          },
                                                          "name": "twx-label"
                                                        },
                                                        {
                                                          "attributes": {
                                                            "twx-widget": "",
                                                            "widget-id": "label-3",
                                                            "state-format-value": "text",
                                                            "widget-name": "label-3",
                                                            "text": "User Y-Position",
                                                            "class": "ptc-label"
                                                          },
                                                          "name": "twx-label"
                                                        },
                                                        {
                                                          "attributes": {
                                                            "twx-widget": "",
                                                            "widget-id": "label-4",
                                                            "state-format-value": "text",
                                                            "widget-name": "label-4",
                                                            "text": "???",
                                                            "class": "white-label",
                                                            "padding": "20px"
                                                          },
                                                          "name": "twx-label"
                                                        },
                                                        {
                                                          "attributes": {
                                                            "twx-widget": "",
                                                            "widget-id": "label-5",
                                                            "state-format-value": "text",
                                                            "widget-name": "label-5",
                                                            "text": "User Z-Position",
                                                            "class": "ptc-label"
                                                          },
                                                          "name": "twx-label"
                                                        },
                                                        {
                                                          "attributes": {
                                                            "twx-widget": "",
                                                            "widget-id": "label-6",
                                                            "state-format-value": "text",
                                                            "widget-name": "label-6",
                                                            "text": "???",
                                                            "class": "white-label",
                                                            "padding": "20px"
                                                          },
                                                          "name": "twx-label"
                                                        }
                                                      ]
                                                    }
                                                  ]
                                                }
                                              ]
                                            }
                                          ]
                                        }
                                      ]
                                    }
                                  ]
                                }
                              ]
                            }
                          ]
                        },
                        {
                          "attributes": {
                            "twx-widget": "",
                            "widget-id": "panel-3",
                            "widget-name": "Center Panel",
                            "is-widget-container": "true",
                            "position": "center"
                          },
                          "name": "twx-overlay-container",
                          "children": [
                            {
                              "name": "twx-container-content"
                            }
                          ]
                        },
                        {
                          "attributes": {
                            "twx-widget": "",
                            "widget-id": "panel-4",
                            "widget-name": "Right Panel",
                            "is-widget-container": "true",
                            "position": "right"
                          },
                          "name": "twx-overlay-container",
                          "children": [
                            {
                              "name": "twx-container-content",
                              "children": [
                                {
                                  "attributes": {
                                    "twx-widget": "",
                                    "widget-id": "gridLayout-2",
                                    "widget-name": "gridLayout-2",
                                    "is-widget-container": "true"
                                  },
                                  "name": "twx-gridlayout",
                                  "children": [
                                    {
                                      "name": "twx-container-content",
                                      "children": [
                                        {
                                          "attributes": {
                                            "twx-widget": "",
                                            "widget-id": "row-2",
                                            "widget-name": "row-2",
                                            "is-widget-container": "true"
                                          },
                                          "name": "twx-row",
                                          "children": [
                                            {
                                              "name": "twx-container-content",
                                              "children": [
                                                {
                                                  "attributes": {
                                                    "twx-widget": "",
                                                    "widget-id": "column-2",
                                                    "widget-name": "column-2",
                                                    "is-widget-container": "true"
                                                  },
                                                  "name": "twx-col",
                                                  "children": [
                                                    {
                                                      "name": "twx-container-content",
                                                      "children": [
                                                        {
                                                          "attributes": {
                                                            "twx-widget": "",
                                                            "widget-id": "label-7",
                                                            "state-format-value": "text",
                                                            "widget-name": "label-7",
                                                            "text": "User X-Rotation",
                                                            "class": "ptc-label",
                                                            "padding": ""
                                                          },
                                                          "name": "twx-label"
                                                        },
                                                        {
                                                          "attributes": {
                                                            "twx-widget": "",
                                                            "widget-id": "label-8",
                                                            "state-format-value": "text",
                                                            "widget-name": "label-8",
                                                            "text": "???",
                                                            "class": "white-label",
                                                            "padding": "20px"
                                                          },
                                                          "name": "twx-label"
                                                        },
                                                        {
                                                          "attributes": {
                                                            "twx-widget": "",
                                                            "widget-id": "label-9",
                                                            "state-format-value": "text",
                                                            "widget-name": "label-9",
                                                            "text": "User Y-Rotation",
                                                            "class": "ptc-label"
                                                          },
                                                          "name": "twx-label"
                                                        },
                                                        {
                                                          "attributes": {
                                                            "twx-widget": "",
                                                            "widget-id": "label-10",
                                                            "state-format-value": "text",
                                                            "widget-name": "label-10",
                                                            "text": "???",
                                                            "class": "white-label",
                                                            "padding": "20px"
                                                          },
                                                          "name": "twx-label"
                                                        },
                                                        {
                                                          "attributes": {
                                                            "twx-widget": "",
                                                            "widget-id": "label-11",
                                                            "state-format-value": "text",
                                                            "widget-name": "label-11",
                                                            "text": "User Z-Rotation",
                                                            "class": "ptc-label"
                                                          },
                                                          "name": "twx-label"
                                                        },
                                                        {
                                                          "attributes": {
                                                            "twx-widget": "",
                                                            "widget-id": "label-12",
                                                            "state-format-value": "text",
                                                            "widget-name": "label-12",
                                                            "text": "???",
                                                            "class": "white-label",
                                                            "padding": "20px"
                                                          },
                                                          "name": "twx-label"
                                                        }
                                                      ]
                                                    }
                                                  ]
                                                }
                                              ]
                                            }
                                          ]
                                        }
                                      ]
                                    }
                                  ]
                                }
                              ]
                            }
                          ]
                        }
                      ]
                    }
                  ]
                },
                {
                  "attributes": {
                    "twx-widget": "",
                    "widget-id": "panel-5",
                    "widget-name": "Bottom Panel",
                    "is-widget-container": "true",
                    "position": "bottom"
                  },
                  "name": "twx-overlay-container",
                  "children": [
                    {
                      "name": "twx-container-content"
                    }
                  ]
                }
              ]
            }
          ]
        }
      ]
    },
    {
      "name": "twx-fragment-parameters"
    },
    {
      "name": "twx-view-data"
    }
  ],
  "name": "twx-view"
}
