{
  "name": "Basic Model Manipulation Demo",
  "projectType": "AR",
  "viewType": "ar",
  "fileName": "Basic_Model_Manipulation_Demo",
  "thingworxServer": "https://pp-2101111403aw.portal.ptc.io",
  "viewTemplateFileName": "home-ar.json",
  "state": {
    "orientation": "landscape"
  },
  "targets": {
    "phone": {
      "components": [
        {
          "name": "Home",
          "fileName": "Home",
          "showInMainMenu": true,
          "viewType": "ar",
          "title": "Home"
        }
      ],
      "images": []
    },
    "shared": {
      "components": [
        {
          "name": "Data",
          "fileName": "Data"
        }
      ],
      "images": [],
      "fragments": [],
      "styles": [
        {
          "name": "App",
          "fileName": "App",
          "fileExt": "scss"
        }
      ]
    }
  },
  "device": {
    "name": "iphone",
    "width": "667",
    "height": "375"
  },
  "mainNavigationMenuStyle": "leftSideMenu",
  "resourceDirectory": "src/phone/resources",
  "resourceRuntimeDir": "app/resources",
  "fontRuntimeDir": "../fonts",
  "fontDesigntimeDir": "../dist/fonts",
  "theme": "twx-light",
  "version": "1.55.2024",
  "designedForOffline": false,
  "allowSelfSignedCerts": false,
  "description": "Take a look at how gaze tracking can tell you exactly where you are, at any given moment.",
  "thumbnail": "Uploaded/GT Phase 1 Thumbnail.PNG"
}
