{
  "name": "Put That, There Demo - HoloLens",
  "projectType": "eyewear",
  "viewType": "ar",
  "fileName": "Put_That__There_Demo_-_HoloLens",
  "thingworxServer": "https://pp-2101111403aw.portal.ptc.io",
  "viewTemplateFileName": "home-ar-eyewear.json",
  "mainNavigationMenuStyle": "noMenu",
  "device": {
    "name": "eyewear"
  },
  "state": {
    "orientation": "landscape"
  },
  "targets": {
    "phone": {
      "components": [
        {
          "name": "Home",
          "fileName": "Home",
          "showInMainMenu": true,
          "viewType": "ar",
          "title": "Home"
        }
      ],
      "images": []
    },
    "shared": {
      "components": [
        {
          "name": "Data",
          "fileName": "Data"
        }
      ],
      "images": [],
      "fragments": [],
      "styles": [
        {
          "name": "App",
          "fileName": "App",
          "fileExt": "scss"
        }
      ]
    }
  },
  "resourceDirectory": "src/phone/resources",
  "resourceRuntimeDir": "app/resources",
  "fontRuntimeDir": "../fonts",
  "fontDesigntimeDir": "../dist/fonts",
  "theme": "twx-light",
  "version": "1.55.2024",
  "thumbnail": "Uploaded/Put That, There HoloLens Thumbnail.PNG",
  "description": "Unleash the power of gaze tracking and move objects in a 3D space with your gaze alone! (HoloLens)"
}
