{
  "name": "",
  "version": "1.0.0",
  "requires": [
    "w320dp"
  ],
  "experiences": [
    {
      "vumark": "4271:30",
      "experienceType": "vumark",
      "id": 1,
      "index-keys": [
        "urn:vuforia:vumark:4271:30"
      ],
      "title": {
        "en": "Quantifying Gaze Duration Demo"
      },
      "description": {
        "en": "This experience takes gaze tracking to the next level by using dot products and distances to determine which objects the user is focusing on.",
        "en-US": "This experience takes gaze tracking to the next level by using dot products and distances to determine which objects the user is focusing on."
      },
      "requires": [
        "AR-tracking"
      ],
      "tags": [],
      "icon": "",
      "viewName": "Home",
      "url-template": "index.html?expId=1&vumark={{vuforia:vumark}}",
      "entryPoint": "index.html?expId=1",
      "thumbnail": "public/Uploaded/GT Phase 2 Thumbnail.PNG",
      "thingTemplateName": ""
    }
  ],
  "widgetsUsage": [
    {
      "timestamp": "2021-07-03T02:40:34.235Z",
      "action": "PUBLISH",
      "usage": {
        "twx-view": 2,
        "twx-dt-view": 1,
        "twx-dt-model": 2,
        "twx-dt-target-spatial": 1,
        "twx-overlay": 1,
        "twx-overlay-container": 5,
        "twx-gridlayout": 3,
        "twx-row": 3,
        "twx-col": 3,
        "twx-label": 14,
        "twx-overlay-body": 1,
        "twx-text-input": 1
      }
    },
    {
      "timestamp": "2021-07-03T05:31:01.016Z",
      "action": "PUBLISH",
      "usage": {
        "twx-view": 2,
        "twx-dt-view": 1,
        "twx-dt-model": 2,
        "twx-dt-target-spatial": 1,
        "twx-overlay": 1,
        "twx-overlay-container": 5,
        "twx-gridlayout": 3,
        "twx-row": 3,
        "twx-col": 3,
        "twx-label": 14,
        "twx-overlay-body": 1,
        "twx-text-input": 1
      }
    },
    {
      "timestamp": "2021-07-03T05:32:26.105Z",
      "action": "PUBLISH",
      "usage": {
        "twx-view": 2,
        "twx-dt-view": 1,
        "twx-dt-model": 2,
        "twx-dt-target-spatial": 1,
        "twx-overlay": 1,
        "twx-overlay-container": 5,
        "twx-gridlayout": 3,
        "twx-row": 3,
        "twx-col": 3,
        "twx-label": 14,
        "twx-overlay-body": 1,
        "twx-text-input": 1
      }
    },
    {
      "timestamp": "2021-07-03T05:35:11.686Z",
      "action": "PUBLISH",
      "usage": {
        "twx-view": 2,
        "twx-dt-view": 1,
        "twx-dt-model": 2,
        "twx-dt-target-spatial": 1,
        "twx-overlay": 1,
        "twx-overlay-container": 5,
        "twx-gridlayout": 3,
        "twx-row": 3,
        "twx-col": 3,
        "twx-label": 14,
        "twx-overlay-body": 1,
        "twx-text-input": 1
      }
    },
    {
      "timestamp": "2021-07-03T05:35:28.114Z",
      "action": "PUBLISH",
      "usage": {
        "twx-view": 2,
        "twx-dt-view": 1,
        "twx-dt-model": 2,
        "twx-dt-target-spatial": 1,
        "twx-overlay": 1,
        "twx-overlay-container": 5,
        "twx-gridlayout": 3,
        "twx-row": 3,
        "twx-col": 3,
        "twx-label": 14,
        "twx-overlay-body": 1,
        "twx-text-input": 1
      }
    },
    {
      "timestamp": "2021-07-03T06:02:49.676Z",
      "action": "PUBLISH",
      "usage": {
        "twx-view": 2,
        "twx-dt-view": 1,
        "twx-dt-model": 2,
        "twx-dt-target-spatial": 1,
        "twx-overlay": 1,
        "twx-overlay-container": 5,
        "twx-gridlayout": 3,
        "twx-row": 3,
        "twx-col": 3,
        "twx-label": 14,
        "twx-overlay-body": 1,
        "twx-text-input": 1
      }
    },
    {
      "timestamp": "2021-07-03T06:03:14.532Z",
      "action": "PUBLISH",
      "usage": {
        "twx-view": 2,
        "twx-dt-view": 1,
        "twx-dt-model": 2,
        "twx-dt-target-spatial": 1,
        "twx-overlay": 1,
        "twx-overlay-container": 5,
        "twx-gridlayout": 3,
        "twx-row": 3,
        "twx-col": 3,
        "twx-label": 14,
        "twx-overlay-body": 1,
        "twx-text-input": 1
      }
    },
    {
      "timestamp": "2021-07-03T06:16:01.779Z",
      "action": "PUBLISH",
      "usage": {
        "twx-view": 2,
        "twx-dt-view": 1,
        "twx-dt-model": 2,
        "twx-dt-target-spatial": 1,
        "twx-overlay": 1,
        "twx-overlay-container": 5,
        "twx-gridlayout": 3,
        "twx-row": 3,
        "twx-col": 3,
        "twx-label": 14,
        "twx-overlay-body": 1,
        "twx-text-input": 1
      }
    },
    {
      "timestamp": "2021-07-04T17:06:03.569Z",
      "action": "PUBLISH",
      "usage": {
        "twx-view": 2,
        "twx-dt-view": 1,
        "twx-dt-model": 2,
        "twx-dt-target-spatial": 1,
        "twx-overlay": 1,
        "twx-overlay-container": 5,
        "twx-gridlayout": 3,
        "twx-row": 3,
        "twx-col": 3,
        "twx-label": 14,
        "twx-overlay-body": 1,
        "twx-text-input": 1
      }
    },
    {
      "timestamp": "2021-07-04T17:17:17.318Z",
      "action": "PUBLISH",
      "usage": {
        "twx-view": 2,
        "twx-dt-view": 1,
        "twx-dt-model": 2,
        "twx-dt-target-spatial": 1,
        "twx-overlay": 1,
        "twx-overlay-container": 5,
        "twx-gridlayout": 3,
        "twx-row": 3,
        "twx-col": 3,
        "twx-label": 14,
        "twx-overlay-body": 1,
        "twx-text-input": 1
      }
    },
    {
      "timestamp": "2021-07-04T23:46:38.815Z",
      "action": "PUBLISH",
      "usage": {
        "twx-view": 2,
        "twx-dt-view": 1,
        "twx-dt-model": 2,
        "twx-dt-target-spatial": 1,
        "twx-overlay": 1,
        "twx-overlay-container": 5,
        "twx-gridlayout": 3,
        "twx-row": 3,
        "twx-col": 3,
        "twx-label": 14,
        "twx-overlay-body": 1,
        "twx-text-input": 1
      }
    },
    {
      "timestamp": "2021-07-06T00:12:35.781Z",
      "action": "PUBLISH",
      "usage": {
        "twx-view": 2,
        "twx-dt-view": 1,
        "twx-dt-model": 2,
        "twx-dt-target-spatial": 1,
        "twx-overlay": 1,
        "twx-overlay-container": 5,
        "twx-gridlayout": 3,
        "twx-row": 3,
        "twx-col": 3,
        "twx-label": 14,
        "twx-overlay-body": 1,
        "twx-text-input": 1
      }
    },
    {
      "timestamp": "2021-07-06T00:12:59.032Z",
      "action": "PUBLISH",
      "usage": {
        "twx-view": 2,
        "twx-dt-view": 1,
        "twx-dt-model": 2,
        "twx-dt-target-spatial": 1,
        "twx-overlay": 1,
        "twx-overlay-container": 5,
        "twx-gridlayout": 3,
        "twx-row": 3,
        "twx-col": 3,
        "twx-label": 14,
        "twx-overlay-body": 1,
        "twx-text-input": 1
      }
    },
    {
      "timestamp": "2021-07-06T00:44:04.061Z",
      "action": "PUBLISH",
      "usage": {
        "twx-view": 2,
        "twx-dt-view": 1,
        "twx-dt-model": 2,
        "twx-dt-target-spatial": 1,
        "twx-overlay": 1,
        "twx-overlay-container": 5,
        "twx-gridlayout": 3,
        "twx-row": 3,
        "twx-col": 3,
        "twx-label": 14,
        "twx-overlay-body": 1,
        "twx-text-input": 1
      }
    },
    {
      "timestamp": "2021-07-15T16:21:30.644Z",
      "action": "PUBLISH",
      "usage": {
        "twx-view": 2,
        "twx-dt-view": 1,
        "twx-dt-model": 2,
        "twx-dt-target-spatial": 1,
        "twx-overlay": 1,
        "twx-overlay-container": 5,
        "twx-gridlayout": 3,
        "twx-row": 3,
        "twx-col": 3,
        "twx-label": 14,
        "twx-overlay-body": 1,
        "twx-text-input": 1
      }
    }
  ],
  "accessType": "public",
  "designedfor": []
}
