{
  "attributes": {
    "namespace": "app.mdl"
  },
  "children": [
    {
      "attributes": {
        "name": "JF_RingOfColorfulLabels_DT",
        "twx-entity-type": "Things",
        "twx-entity-name": "JF_RingOfColorfulLabels_DT"
      },
      "name": "twx-model",
      "children": [
        {
          "attributes": {
            "name": "getTimers",
            "id": "getTimers"
          },
          "name": "twx-model-service"
        }
      ]
    },
    {
      "attributes": {
        "id": "vumark",
        "isbound": "false",
        "isdeletable": "false",
        "name": "ThingMark",
        "value": ""
      },
      "name": "twx-app-param"
    },
    {
      "attributes": {
        "id": "template",
        "isbound": "false",
        "isdeletable": "false",
        "name": "Thing Template",
        "value": ""
      },
      "name": "twx-app-param"
    },
    {
      "attributes": {
        "id": "thing",
        "isbound": "false",
        "isdeletable": "false",
        "name": "Thing",
        "value": ""
      },
      "name": "twx-app-param"
    },
    {
      "attributes": {
        "id": "labelText",
        "isbound": "false",
        "isdeletable": "true",
        "name": "labelText",
        "value": "Warning"
      },
      "name": "twx-app-param",
      "children": [
        {
          "attributes": {
            "databind-id": "db-1626467767757",
            "source-type": "data",
            "source-name": "labelScale",
            "source-item-type": "value",
            "source-item-name": "labelScale",
            "binding-type": "custom_field",
            "from-expression": "app.params['labelScale']",
            "to-property": "app.params['labelText']"
          },
          "name": "twx-databind"
        }
      ]
    },
    {
      "attributes": {
        "id": "ringRadius",
        "isbound": "false",
        "isdeletable": "true",
        "name": "ringRadius",
        "value": "1.5"
      },
      "name": "twx-app-param"
    },
    {
      "attributes": {
        "id": "ringHeight",
        "isbound": "false",
        "isdeletable": "true",
        "name": "ringHeight",
        "value": "1"
      },
      "name": "twx-app-param"
    },
    {
      "attributes": {
        "id": "labelScale",
        "isbound": "false",
        "isdeletable": "true",
        "name": "labelScale",
        "value": "2"
      },
      "name": "twx-app-param"
    }
  ],
  "name": "twx-app-mdl"
}
