{
  "name": "Quantifying Gaze Duration Demo",
  "projectType": "AR",
  "viewType": "ar",
  "fileName": "Quantifying_Gaze_Duration_Demo",
  "thingworxServer": "https://pp-2101111403aw.portal.ptc.io",
  "viewTemplateFileName": "home-ar.json",
  "state": {
    "orientation": "portrait"
  },
  "targets": {
    "phone": {
      "components": [
        {
          "name": "Home",
          "fileName": "Home",
          "showInMainMenu": true,
          "viewType": "ar",
          "title": "Home"
        },
        {
          "name": "Welcome",
          "fileName": "Welcome",
          "showInMainMenu": true,
          "viewType": "mobile-2D",
          "title": "Welcome"
        }
      ],
      "images": []
    },
    "shared": {
      "components": [
        {
          "name": "Data",
          "fileName": "Data"
        }
      ],
      "images": [],
      "fragments": [],
      "styles": [
        {
          "name": "App",
          "fileName": "App",
          "fileExt": "scss"
        }
      ]
    }
  },
  "device": {
    "name": "iphone",
    "width": "375",
    "height": "667"
  },
  "mainNavigationMenuStyle": "noMenu",
  "resourceDirectory": "src/phone/resources",
  "resourceRuntimeDir": "app/resources",
  "fontRuntimeDir": "../fonts",
  "fontDesigntimeDir": "../dist/fonts",
  "theme": "twx-light",
  "version": "1.55.2024",
  "designedForOffline": false,
  "thumbnail": "Uploaded/GT Phase 2 Thumbnail.PNG",
  "description": "Analyze what the people are really looking at and for how long with gaze tracking!"
}
